title,description,v_pub_datetime,video_id,category_id
–¢—ã–∫–≤–∞  –°–ª–∞—Å—Ç—ë–Ω–∞,,2024-08-12 00:59:59+03:00,460e128d-38bd-4e27-b507-b87ba5696bf9,–°–∞–¥ –∏ –æ–≥–æ—Ä–æ–¥
–ö–∞–ø—É—Å—Ç–∞  –ò—é–Ω—å—Å–∫–∞—è,,2024-08-12 00:59:47+03:00,019d160e-176e-4635-b65f-ff59c0239dab,–°–∞–¥ –∏ –æ–≥–æ—Ä–æ–¥
–ö–∞–ø—É—Å—Ç–∞  –ù–æ–º–µ—Ä –ø–µ—Ä–≤—ã–π,,2024-08-12 00:59:38+03:00,c817942a-9e2d-4b8a-9cd5-761b7d77c0db,–°–∞–¥ –∏ –æ–≥–æ—Ä–æ–¥
–¢–æ–º–∞—Ç  –ö–æ—Ä–æ–ª—å –≥–∏–≥–∞–Ω—Ç–æ–≤,,2024-08-12 00:58:15+03:00,39fce26a-fc19-4408-85c1-2f0dd49e28df,–•–æ–±–±–∏
–°–≤–µ–∫–ª–∞   –ú–æ–Ω–∞,,2024-08-12 00:57:47+03:00,e2d75156-1d18-471e-b69a-e67fda0b753a,–°–∞–¥ –∏ –æ–≥–æ—Ä–æ–¥
–¢–æ–º–∞—Ç  –î–∂–∏–Ω–∞,,2024-08-12 00:57:35+03:00,65ec9855-a8ab-47e8-8013-461c7395aa04,–°–∞–¥ –∏ –æ–≥–æ—Ä–æ–¥
–°–∞–ª–∞—Ç  –û–¥–µ—Å—Å–∫–∏–π,,2024-08-12 00:57:28+03:00,408e813e-2443-47fe-94d1-4a242f4cab73,–°–∞–¥ –∏ –æ–≥–æ—Ä–æ–¥
–ö–∞–±–∞—á–æ–∫  –ë–µ–ª—É—Ö–∞,,2024-08-12 00:24:41+03:00,6f1f8e18-8b8f-4655-b5a3-686dc15b6c2f,–°–∞–¥ –∏ –æ–≥–æ—Ä–æ–¥
–õ—É–∫ - –±–∞—Ç—É–Ω   –ê–ª—Ç–∞–π—Å–∫–∏–π,,2024-08-12 00:24:29+03:00,6b5c48cb-1e95-4c05-9c61-a210e674bbb0,–°–∞–¥ –∏ –æ–≥–æ—Ä–æ–¥
–¢—ã–∫–≤–∞  –£–ª—ã–±–∫–∞,,2024-08-12 00:24:18+03:00,e2208fc5-ca1b-4e3a-a990-3435c5920121,–°–∞–¥ –∏ –æ–≥–æ—Ä–æ–¥
–¢–æ–º–∞—Ç –ë–∞–ª–∫–æ–Ω–Ω–æ–µ —á—É–¥–æ,,2024-08-12 00:24:04+03:00,3da0d1d0-991e-4435-b162-a17d699cb4e7,–°–∞–¥ –∏ –æ–≥–æ—Ä–æ–¥
–õ—É–∫ —à–Ω–∏—Ç—Ç   –ë–æ–≥–µ–º–∏—è,,2024-08-12 00:21:45+03:00,5b70aa9f-9455-4739-8b28-4d5f56a3cccb,–°–∞–¥ –∏ –æ–≥–æ—Ä–æ–¥
–ü–µ—Ä–µ—Ü  –°–ª–∞–¥–∫–∏–π,,2024-08-12 00:21:22+03:00,ea7940c2-a991-4e89-8108-f7cba410e6b0,–°–∞–¥ –∏ –æ–≥–æ—Ä–æ–¥
–ü–µ—Ç—Ä—É—à–∫–∞  –õ–∏—Å—Ç–æ–≤–∞—è,,2024-08-12 00:21:08+03:00,8ed95005-073e-4e7f-ac5e-2cecaed0a6ce,–°–∞–¥ –∏ –æ–≥–æ—Ä–æ–¥
–†–µ–¥–∏—Å –ó–∞—Ä—è,,2024-08-12 00:20:59+03:00,e464149a-396b-4d5f-8942-8ece7267ce33,–°–∞–¥ –∏ –æ–≥–æ—Ä–æ–¥
–ü–ª–æ—Ö–∏–µ –Ω–æ–≤–æ—Å—Ç–∏ (2024) —Ç—Ä–µ–π–ª–µ—Ä,"–ò–Ω–¥–∏–π—Å–∫–∞—è —Ä–æ–º–∞–Ω—Ç–∏—á–µ—Å–∫–∞—è –∫–æ–º–µ–¥–∏—è ¬´–ü–ª–æ—Ö–∏–µ –Ω–æ–≤–æ—Å—Ç–∏ (2024)¬ª (Bad Newz) —Å–æ–±—Ä–∞–ª–∞ –∑–∞ —Ç—Ä–∏ –Ω–µ–¥–µ–ª–∏ –ø—Ä–æ–∫–∞—Ç–∞ –±–æ–ª–µ–µ 290 —Ç—ã—Å. —Ä—É–±–ª–µ–π. –†–µ–∂–∏—Å—Å–µ—Ä: –ê–Ω–∞–Ω–¥ –¢–∏–≤–∞—Ä–∏. –í —Ä–æ–ª—è—Ö: –í–∏–∫–∏ –ö–∞—É—à–∞–ª, –¢—Ä–∏–ø—Ç–∏ –î–∏–º—Ä–∏, –≠–º–º–∏ –í–∏—Ä–∫, –ù–µ—Ö–∞ –î—Ö—É–ø–∏—è –∏ –¥—Ä.",2024-08-12 00:04:29+03:00,48452e5f-fb80-4ef6-b2af-188912f40711,–§–∏–ª—å–º—ã
–ö–ò–ù–û –û–†–ë–ò–¢–ê : –†–ê–ó–ì–û–í–û–†–ù–´–ô –°–¢–†–ò–ú –û –ö–ò–ù–û 11 –ê–í–ì–£–°–¢–ê,—Ä–µ–∫–≤–∏–∑–∏—Ç—ã:    –ö–∞—Ä—Ç–∞ –ú–ò–†(–†–ù–ö–ë)  2200 0207 0992 6150,2024-08-11 23:42:48+03:00,de29fb7a-ddb6-4bc4-8a5b-ed2d3aa689de,–†–∞–∑–≤–ª–µ—á–µ–Ω–∏—è
–Ø–†–û–°–õ–ê–í –î–†–û–ù–û–í SHAMAN —Å–∫–≤–æ–∑—å–¢–ï–†–ù–ò–ò –ö –ó–í–ï–ó–î–ê–ú –†–∞–±–æ—á–∏–µ –º–æ–º–µ–Ω—Ç—ã shaman —è—Ä–æ—Å–ª–∞–≤ –¥—Ä–æ–Ω–æ–≤ music –ú–û–Ø –†–ï–ê–ö–¶–ò–Ø,–Ø–†–û–°–õ–ê–í –î–†–û–ù–û–í SHAMAN–° –ö–í–û–ó–¨ –¢–ï–†–ù–ò–ò –ö –ó–í–ï–ó–î–ê–ú –†–∞–±–æ—á–∏–µ –º–æ–º–µ–Ω—Ç—ã shaman —è—Ä–æ—Å–ª–∞–≤ –¥—Ä–æ–Ω–æ–≤ music –ú–û–Ø –†–ï–ê–ö–¶–ò–Ø,2024-08-11 23:39:15+03:00,fc10407d-e034-4acd-a1d7-91407754f491,–†–∞–∑–≤–ª–µ—á–µ–Ω–∏—è
@user-gx4cm8ts4h –û—Ç–≤–µ—Ç –Ω–∞ –∫–æ–º–º–µ–Ω—Ç–∞—Ä–∏–π –¢–æ–º–∞—Ä–µ,,2024-08-11 23:39:04+03:00,00ab0d4a-0ada-4344-b097-cc77eb79217a,–õ–∞–π—Ñ—Å—Ç–∞–π–ª
SHAMAN –†–µ–∞–∫—Ü–∏—è –æ—Ç @PEEESNY –¢–µ—Ä–Ω–∏ –∏ –∫ –∑–≤—ë–∑–¥–∞–º,"–°–∫–∞—á–∞—Ç—å. SHAMAN –†–µ–∞–∫—Ü–∏—è –æ—Ç @PEEESNY –¢–µ—Ä–Ω–∏ –∏ –∫ –∑–≤—ë–∑–¥–∞–º  –†–∞–∑–º–µ—Ä 37.92 MB –û–∑–Ω–∞–∫–æ–º–∏—Ç—å—Å—è + –∏ –≤–∏–¥–∏–º, –°–∫–æ–ª—å–∫–æ —Ä–∞–∑ –ø–æ –Ω–µ–π –ø–µ—Ä–µ—à–ª–∏. –°–º–æ—Ç—Ä–µ—Ç—å –Ω–∞ YouTube -7dft0Xmfk4K",2024-08-11 23:38:32+03:00,d7f29080-4c93-4cc4-8044-33d95327d471,–ú—É–∑—ã–∫–∞
SHAMAN –†–µ–∞–∫—Ü–∏—è –æ—Ç @PEEESNY –¢–µ—Ä–Ω–∏ –∏ –∫ –∑–≤—ë–∑–¥–∞–º,"–°–∫–∞—á–∞—Ç—å. SHAMAN –†–µ–∞–∫—Ü–∏—è –æ—Ç @PEEESNY –¢–µ—Ä–Ω–∏ –∏ –∫ –∑–≤—ë–∑–¥–∞–º  –†–∞–∑–º–µ—Ä 37.92 MB –û–∑–Ω–∞–∫–æ–º–∏—Ç—å—Å—è + –∏ –≤–∏–¥–∏–º, –°–∫–æ–ª—å–∫–æ —Ä–∞–∑ –ø–æ –Ω–µ–π –ø–µ—Ä–µ—à–ª–∏. –°–º–æ—Ç—Ä–µ—Ç—å –Ω–∞ YouTube -7dft0Xmfk4K",2024-08-11 23:38:21+03:00,ff149778-8c3f-4f9a-93b0-d20982a965c2,–ú—É–∑—ã–∫–∞
–ì–µ–∏ –æ–Ω–∏ –±–µ–∑–æ—Ç–≤–µ—Ç—Å—Ç–≤–µ–Ω–Ω—ã–µ –ü–æ—ç—Ç–æ–º—É –º–Ω–æ–≥–æ –æ–±–æ—Ä–æ—Ç–æ–≤.,"–°–∫–∞—á–∞—Ç—å. –í—Å—è –†–æ—Å—Å–∏—è —ç—Ç–æ –ì–µ–∏. –†–∞–∑–º–µ—Ä 14.87 MB –û–∑–Ω–∞–∫–æ–º–∏—Ç—å—Å—è + –∏ –≤–∏–¥–∏–º, –°–∫–æ–ª—å–∫–æ —Ä–∞–∑ –ø–æ –Ω–µ–π –ø–µ—Ä–µ—à–ª–∏. –°–º–æ—Ç—Ä–µ—Ç—å –Ω–∞ YouTube ",2024-08-11 23:37:48+03:00,2a1ba39e-6db0-419e-aa98-505fd5d6635b,–†–∞–∑–Ω–æ–µ
–ü—Ä–µ–¥–ª–æ–≥ –∏–Ω—Ç–µ—Ä–Ω–µ—Ç–∞,–°–∫–∞—á–∞—Ç—å. –ü—Ä–∏–¥–ª–æ–≥ –∏–Ω—Ç–µ—Ä–Ω–µ—Ç–∞.mp4  –†–∞–∑–º–µ—Ä 14.52 MB   ,2024-08-11 23:37:16+03:00,32e3e762-a9f3-419d-bc0c-18b2acef3ce8,–ê—É–¥–∏–æ
–ü—Ä–∏–¥–ª–æ–≥ –∏–Ω—Ç–µ—Ä–Ω–µ—Ç–∞,,2024-08-11 23:37:05+03:00,9d01ede4-b0cf-4c3d-911a-a211370da2d4,–ö—É–ª—å—Ç—É—Ä–∞
"–†—É—Å—Å–∫–∞—è –¥–æ—Ä–æ–≥–∞, 6 –≤—ã–ø—É—Å–∫",,2024-08-11 23:30:06+03:00,617fa386-76e0-4461-8deb-2a3f97418f80,–¢–µ–ª–µ–ø–µ—Ä–µ–¥–∞—á–∏
"–¢–∏—Ç–∞–Ω—ã, 12 –≤—ã–ø—É—Å–∫. –§–ò–ù–ê–õ","–ò—Å–∫—É—Å—Å—Ç–≤–µ–Ω–Ω—ã–π –∏–Ω—Ç–µ–ª–ª–µ–∫—Ç –∏ –Ω–µ–π—Ä–æ—Å–µ—Ç–∏ –Ω–∞—Å—Ç–æ–ª—å–∫–æ –∑–∞–ø–æ–ª–æ–Ω–∏–ª–∏ –Ω–∞—à—É –¥–µ–π—Å—Ç–≤–∏—Ç–µ–ª—å–Ω–æ—Å—Ç—å, —á—Ç–æ –∏–≥–Ω–æ—Ä–∏—Ä–æ–≤–∞—Ç—å –∏—Ö –ø—Ä–∏—Å—É—Ç—Å—Ç–≤–∏–µ –ø—Ä–æ—Å—Ç–æ –Ω–µ–ª—å–∑—è. –¢–µ–ª–µ–∫–∞–Ω–∞–ª –¢–ù–¢ –ø—Ä–µ–∑–µ–Ω—Ç—É–µ—Ç –ø–µ—Ä–≤–æ–µ –Ω–∞ —Ä–æ—Å—Å–∏–π—Å–∫–æ–º —Ç–µ–ª–µ–≤–∏–¥–µ–Ω–∏–∏ —ç–∫—Å—Ç—Ä–µ–º–∞–ª—å–Ω–æ–µ —Ä–µ–∞–ª–∏—Ç–∏-—à–æ—É, –≤ –∫–æ—Ç–æ—Ä–æ–º –æ–¥–Ω–∏–º –∏–∑ –≥–µ—Ä–æ–µ–≤ —Å—Ç–∞–Ω–µ—Ç –∏—Å–∫—É—Å—Å—Ç–≤–µ–Ω–Ω—ã–π —Ä–∞–∑—É–º. –ò–º–µ–Ω–Ω–æ –æ–Ω –æ—Ç–±–µ—Ä—ë—Ç 99 –ª—É—á—à–∏—Ö –∞—Ç–ª–µ—Ç–æ–≤ —Å—Ç—Ä–∞–Ω—ã, —á—Ç–æ–±—ã —Å—Ç–æ–ª–∫–Ω—É—Ç—å –∏—Ö –≤ –±–µ—Å–∫–æ–º–ø—Ä–æ–º–∏—Å—Å–Ω–æ–π –±–∏—Ç–≤–µ –∑–∞ 10 –º–∏–ª–ª–∏–æ–Ω–æ–≤ —Ä—É–±–ª–µ–π –∏ –∑–≤–∞–Ω–∏–µ –≥–ª–∞–≤–Ω–æ–≥–æ —Ç–∏—Ç–∞–Ω–∞ –†–æ—Å—Å–∏–∏.",2024-08-11 23:06:05+03:00,bab6e725-f698-4b29-b393-6691a6fedaee,–¢–µ–ª–µ–ø–µ—Ä–µ–¥–∞—á–∏
–°—Ç–∞–ª–∫–µ—Ä [–†—É—Å—Å–∫–∏–π —Ç—Ä–µ–π–ª–µ—Ä 2024],"#–¢—Ä–µ–π–ª–µ—Ä –°—Ç–∞–ª–∫–µ—Ä (2024) / Strange Darling‚ù§  üëâ–ú—É–∂—á–∏–Ω–∞ –∏ –º–æ–ª–æ–¥–∞—è –¥–µ–≤—É—à–∫–∞ —Å–ª—É—á–∞–π–Ω–æ –≤—Å—Ç—Ä–µ—Ç–∏–ª–∏—Å—å –≤ –±–∞—Ä–µ. –° –∫–∞–∂–¥—ã–º –Ω–æ–≤—ã–º —Å–≤–∏–¥–∞–Ω–∏–µ–º –∏—Ö –æ—Ç–Ω–æ—à–µ–Ω–∏—è —Å—Ç–∞–Ω–æ–≤–∏–ª–∏—Å—å –≤—Å–µ –±–æ–ª–µ–µ —Å—Ç—Ä–∞–Ω–Ω—ã–º–∏. –ò –≤–æ—Ç –æ–Ω –≥–æ–Ω–∏—Ç—Å—è –∑–∞ –Ω–µ–π —á–µ—Ä–µ–∑ –≤–µ—Å—å –≥–æ—Ä–æ–¥ ‚Äî –µ–≥–æ —Ä—É–∫–∏ –≤ –∫—Ä–æ–≤–∏, –Ω–æ –∂–∞–∂–¥–∞ —É–±–∏–π—Å—Ç–≤–∞ –µ—â–µ –Ω–µ –æ—Ç—Å—Ç—É–ø–∏–ª–∞. –î–µ–≤—É—à–∫–∞ –∏—â–µ—Ç –ø–æ–º–æ—â–∏ —É –∫–∞–∂–¥–æ–≥–æ –≤—Å—Ç—Ä–µ—á–Ω–æ–≥–æ, –Ω–æ –≤—Å–µ, –∫—Ç–æ –ø—ã—Ç–∞–µ—Ç—Å—è –µ–π –ø–æ–º–æ—á—å, —É–º–∏—Ä–∞—é—Ç. üëâ–í –≥–ª–∞–≤–Ω—ã—Ö —Ä–æ–ª—è—Ö: –£–∏–ª–ª–∞ –§–∏—Ü–¥–∂–µ—Ä–∞–ª–¥, –ö–∞–π–ª –ì–∞–ª–ª–Ω–µ—Ä, –ë–∞—Ä–±–∞—Ä–∞ –•–µ—Ä—à–∏, –≠–¥ –ë–µ–≥–ª–∏ –º–ª., –°—Ç–∏–≤–µ–Ω –ú–∞–π–∫–ª –ö–µ—Å–∞–¥–∞, –ú—ç–¥–∏—Å–µ–Ω –ë–∏—Ç–∏, –ë—å—è–Ω–∫–∞ –ê. –°–∞–Ω—Ç–æ—Å, –î–µ–Ω–∏—Å –ì—Ä—ç–π—Å–æ–Ω, –®–µ—Ä–∏ –§–æ—Å—Ç–µ—Ä, –î—å—é–∫ –ú–æ–ª–ª—å–Ω–µ—Ä. #—Ç—Ä–∏–ª–ª–µ—Ä #–°—Ç–∞–ª–∫–µ—Ä #StrangeDarling  –ú—ã –≤ –í–ö –ú—ã –≤ —é—Ç—É–±–µ /@new_kinotrailers",2024-08-11 23:00:07+03:00,b4dbfcad-debb-4d91-a24d-7f77a90d5684,–§–∏–ª—å–º—ã
The City Mouse and the Country Mouse (UK English accent),,2024-08-11 22:59:02+03:00,d9162a9f-7ebe-4f71-9258-fdcfee85d45e,–î–µ—Ç—è–º
The Fox and the Crow (UK English ‚Äî TheFableCottage.com),,2024-08-11 22:58:50+03:00,321f3c9d-5093-40b1-8b20-6bd6ccf05065,–î–µ—Ç—è–º
11-08-2024,–î–µ—Ç—Å–∫–∏–π —ç–ª–µ–∫—Ç—Ä–æ–º–æ–±–∏–ª—å X5M,2024-08-11 22:55:37+03:00,6bb5788f-167f-45d1-846c-8b09777d4e8a,–î–µ—Ç—è–º
#–î—Ä–æ–Ω—ã-–£–±–∏–π—Ü—ã #–°–∏–Ω #–ü–∏–Ω—Ç–µ—Ä–µ—Å—Ç,,2024-08-11 22:53:28+03:00,9e76b180-1dd2-4503-a2df-ced76f2710df,–ú—É–ª—å—Ç—Ñ–∏–ª—å–º—ã
–ö–æ–º–Ω–∞—Ç–∞ 999,"–í 1982 –≥–æ–¥—É –≤ —Å–≤–æ—ë–º —Ñ–∏–ª—å–º–µ ¬´–ö–æ–º–Ω–∞—Ç–∞ 666¬ª –í–∏–º –í–µ–Ω–¥–µ—Ä—Å –∑–∞–¥–∞–ª 16 —Ä–µ–∂–∏—Å—Å–µÃà—Ä–∞–º –æ–¥–∏–Ω –≤–æ–ø—Ä–æ—Å: —è–≤–ª—è–µ—Ç—Å—è –ª–∏ –∫–∏–Ω–æ —è–∑—ã–∫–æ–º, –∫–æ—Ç–æ—Ä—ã–∏ÃÜ –∏—Å—á–µ–∑–Ω–µ—Ç, –∏—Å–∫—É—Å—Å—Ç–≤–æ–º, –∫–æ—Ç–æ—Ä–æ–µ —É–º—Ä–µÃà—Ç?  40 –ª–µ—Ç —Å–ø—É—Å—Ç—è, –≤ –ö–∞–Ω–Ω–∞—Ö, –¥–æ–∫—É–º–µ–Ω—Ç–∞–ª–∏—Å—Ç –õ—é–±–Ω–∞ –ü–ª–µ–∏ÃÜ–æ—É—Å—Ç –∑–∞–¥–∞—ë—Ç —Ç–æ—Ç –∂–µ –≤–æ–ø—Ä–æ—Å –Ω–æ–≤–æ–º—É –ø–æ–∫–æ–ª–µ–Ω–∏—é –∫–∏–Ω–µ–º–∞—Ç–æ–≥—Ä–∞—Ñ–∏—Å—Ç–æ–≤. –°—Ä–µ–¥–∏ —Ä–µ–∂–∏—Å—Å–µÃà—Ä–æ–≤-—É—á–∞—Å—Ç–Ω–∏–∫–æ–≤: –í–∏–º –í–µ–Ω–¥–µ—Ä—Å, –ü–∞–æ–ª–æ –°–æ—Ä—Ä–µ–Ω—Ç–∏–Ω–æ, –òÃÜ–æ–∞–∫–∏–º –¢—Ä–∏–µ—Ä, –î—ç–≤–∏–¥ –ö—Ä–æ–Ω–µ–Ω–±–µ—Ä–≥, –ö–ª–µ—Ä –î–µ–Ω–∏, –†—É–±–µ–Ω –≠—Å—Ç–ª—É–Ω–¥, –ê–ª–∏—á–µ –†–æ—Ä–≤–∞—Ö–µ—Ä, –ë–∞–∑ –õ—É—Ä–º–∞–Ω –∏ –º–Ω–æ–≥–∏–µ –¥—Ä—É–≥–∏–µ.",2024-08-11 22:44:13+03:00,9f25c09a-5fb8-44f3-91c6-ad7155620d40,–§–∏–ª—å–º—ã
–ú–£–õ–¨–¢ –≤ –∫–∏–Ω–æ. –í—ã–ø—É—Å–∫ ‚Ññ172. –ü—É—Ç–µ—à–µ—Å—Ç–≤—É–µ–º –≤–º–µ—Å—Ç–µ!,"–í –Ω–æ–≤–æ–º –≤—ã–ø—É—Å–∫–µ ¬´–ú–£–õ–¨–¢ –≤ –∫–∏–Ω–æ¬ª –º–∏–Ω–∏-–º–∏—à–∫–∏ –æ—Ç–ø—Ä–∞–≤—è—Ç—Å—è –≤ –ø—É—Ç–µ—à–µ—Å—Ç–≤–∏–µ, –ö–∞—Ç—è –∏ –≠—Ñ —É–∑–Ω–∞—é—Ç –º–Ω–æ–≥–æ –∏–Ω—Ç–µ—Ä–µ—Å–Ω–æ–≥–æ –æ –ø–æ–¥—ä—ë–º–µ —Ç—è–∂–µ—Å—Ç–µ–π, –∫–æ—à–µ—á–∫–∏ –∏ —Å–æ–±–∞—á–∫–∏ –æ—Ç–ø—Ä–∞–≤—è—Ç—Å—è –Ω–∞ —Ñ–æ—Ç–æ–æ—Ö–æ—Ç—É, –≤–æ–ª—à–µ–±–Ω–∞—è –∫—É—Ö–Ω—è –ø—Ä–∏–≥–æ—Ç–æ–≤–∏—Ç –∫–∞–ª–∞—á, –∞ –ê–ª—ë–Ω–∫–∞ —Å –°–∞—à–µ–π –ø–æ–ø–∞–¥—É—Ç –≤ –¥—Ä—É–≥–æ–µ –∏–∑–º–µ—Ä–µ–Ω–∏–µ.",2024-08-11 22:41:49+03:00,095c86d3-f248-4e95-ad24-f5dcea858e73,–ú—É–ª—å—Ç—Ñ–∏–ª—å–º—ã
–°–ø–∞—Ä—Ç–∞–∫ - –ê—Ö–º–∞—Ç. –û–±–∑–æ—Ä –º–∞—Ç—á–∞ –ú–∏—Ä –†–ü–õ 11.08.2024,"–°–º–æ—Ç—Ä–∏ –ª—É—á—à–∏–π —Å–ø–æ—Ä—Ç–∏–≤–Ω—ã–π –∫–æ–Ω—Ç–µ–Ω—Ç –≤ –æ–¥–Ω–æ–º –º–µ—Å—Ç–µ!  –û–±–∑–æ—Ä—ã –≤—Å–µ—Ö —Ç–æ–ø–æ–≤—ã—Ö –º–∞—Ç—á–µ–π, –ª—É—á—à–∏–µ –∞–Ω–∞–ª–∏—Ç–∏—á–µ—Å–∫–∏–µ –ø—Ä–æ–≥—Ä–∞–º–º—ã –∏ –ø–µ—Ä–µ–¥–∞—á–∏ –≤ –ø–æ–ª–Ω–æ–º –æ–±—ä–µ–º–µ —Ç–µ–ø–µ—Ä—å –Ω–∞ –Ω–∞—à–µ–º Rutube –∫–∞–Ω–∞–ª–µ. –ë–æ–ª—å—à–µ –≤–∏–¥–µ–æ —Å –ª—É—á—à–∏–º–∏ –º–æ–º–µ–Ω—Ç–∞–º–∏ –º–∞—Ç—á–µ–π –Ω–∞ –Ω–∞—à–µ–º –æ—Ñ–∏—Ü–∏–∞–ª—å–Ω–æ–º —Å–∞–π—Ç–µ: /  –ú—ã –≤ —Å–æ—Ü—Å–µ—Ç—è—Ö: Telegram: –í–ö–æ–Ω—Ç–∞–∫—Ç–µ:   –û–¥–Ω–æ–∫–ª–∞—Å—Å–Ω–∏–∫–∏: Rutube: /",2024-08-11 22:41:11+03:00,64d0e64f-fa8c-439e-bd5c-8194824c8174,–°–ø–æ—Ä—Ç
–í–µ–Ω–æ–º 3: –ü–æ—Å–ª–µ–¥–Ω–∏–π —Ç–∞–Ω–µ—Ü / –§–∏–ª—å–º 2024 / –°–º–æ—Ç—Ä–µ—Ç—å –æ–Ω–ª–∞–π–Ω,"–í–µ–Ω–æ–º 3: –ü–æ—Å–ª–µ–¥–Ω–∏–π —Ç–∞–Ω–µ—Ü / –§–∏–ª—å–º 2024 / –°–º–æ—Ç—Ä–µ—Ç—å –æ–Ω–ª–∞–π–Ω –°–º–æ—Ç—Ä–µ—Ç—å —Ñ–∏–ª—å–º —Ç—É—Ç ‚û°Ô∏è –≠–¥–¥–∏ –∏ –í–µ–Ω–æ–º –≤—ã–Ω—É–∂–¥–µ–Ω—ã –±–µ–∂–∞—Ç—å, –≤–µ–¥—å —Ç–µ–ø–µ—Ä—å –∏—Ö –ø—Ä–µ—Å–ª–µ–¥—É—é—Ç –¥–≤–∞ –º–∏—Ä–∞, –∫–æ—Ç–æ—Ä—ã–µ –∑–∞–∫—Ä—É—á–∏–≤–∞—é—Ç –≤—Å—ë –≤ –æ–¥–Ω—É –æ–ø–∞—Å–Ω—É—é –ø–∞—É—Ç–∏–Ω—É. –ò—Ö —Å—É—â–µ—Å—Ç–≤–æ–≤–∞–Ω–∏–µ —Å—Ç–∞–Ω–æ–≤–∏—Ç—Å—è –ø–æ—Å—Ç–æ—è–Ω–Ω–æ–π –±–æ—Ä—å–±–æ–π –∑–∞ –≤—ã–∂–∏–≤–∞–Ω–∏–µ, –≥–¥–µ –∫–∞–∂–¥–∞—è –æ—à–∏–±–∫–∞ –º–æ–∂–µ—Ç –±—ã—Ç—å —Ñ–∞—Ç–∞–ª—å–Ω–æ–π. –ü—Ä–µ—Å–ª–µ–¥—É–µ–º—ã–µ –º–æ–≥—É—â–µ—Å—Ç–≤–µ–Ω–Ω—ã–º–∏ –≤—Ä–∞–≥–∞–º–∏ –∏ —Å—Ç–∞—Ä—ã–º–∏ —Å–æ—é–∑–Ω–∏–∫–∞–º–∏, –æ–Ω–∏ –æ–∫–∞–∑—ã–≤–∞—é—Ç—Å—è –Ω–∞ –≥—Ä–∞–Ω–∏, –Ω–µ –∑–Ω–∞—è, –∫–æ–º—É –º–æ–∂–Ω–æ –¥–æ–≤–µ—Ä—è—Ç—å. –í—ã–Ω—É–∂–¥–µ–Ω–Ω—ã–µ —Å–∫—Ä—ã–≤–∞—Ç—å—Å—è, –≠–¥–¥–∏ –∏ –í–µ–Ω–æ–º –ø—Ä–æ—Ö–æ–¥—è—Ç —á–µ—Ä–µ–∑ —Ü–µ–ª—É—é —Å–µ—Ä–∏—é –∏—Å–ø—ã—Ç–∞–Ω–∏–π, –∫–æ—Ç–æ—Ä—ã–µ –ø—Ä–æ–≤–µ—Ä—è—é—Ç –∏—Ö —Å–≤—è–∑—å –∏ —Ä–µ—à–∏–º–æ—Å—Ç—å. –û–Ω–∏ —Å—Ç–∞–ª–∫–∏–≤–∞—é—Ç—Å—è —Å –Ω–µ–ø—Ä–µ–æ–¥–æ–ª–∏–º—ã–º–∏ –ø—Ä–µ–ø—è—Ç—Å—Ç–≤–∏—è–º–∏, –æ—Ç—Å—Ç—É–ø–∞—é—Ç –ø–µ—Ä–µ–¥ –±–µ–∑–∂–∞–ª–æ—Å—Ç–Ω—ã–º–∏ –æ—Ö–æ—Ç–Ω–∏–∫–∞–º–∏ –∏ –Ω–∞—Ö–æ–¥—è—Ç —Ç–∏–µ –≤ —Å–∞–º—ã—Ö –Ω–µ–æ–∂–∏–¥–∞–Ω–Ω—ã—Ö –º–µ—Å—Ç–∞—Ö. –ö–∞–∂–¥–∞—è –Ω–æ–≤–∞—è –≤—Å—Ç—Ä–µ—á–∞ –∏ –∫–∞–∂–¥—ã–π –Ω–æ–≤—ã–π –±–æ–π –¥–µ–ª–∞—é—Ç –∏—Ö —Å–∏–ª—å–Ω–µ–µ, –Ω–æ —Ç–∞–∫–∂–µ –ø—Ä–∏–±–ª–∏–∂–∞—é—Ç –∫ –º–æ–º–µ–Ω—Ç—É –ø—Ä–∏–Ω—è—Ç–∏—è —Å—É–¥—å–±–æ–Ω–æ—Å–Ω–æ–≥–æ —Ä–µ—à–µ–Ω–∏—è. –ü–æ –º–µ—Ä–µ —Ç–æ–≥–æ –∫–∞–∫ –¥–∞–≤–ª–µ–Ω–∏–µ —É—Å–∏–ª–∏–≤–∞–µ—Ç—Å—è, –≠–¥–¥–∏ –∏ –í–µ–Ω–æ–º –Ω–∞—á–∏–Ω–∞—é—Ç –ø–æ–Ω–∏–º–∞—Ç—å, —á—Ç–æ –±–µ–≥—Å—Ç–≤–æ ‚Äî —ç—Ç–æ –Ω–µ –≤—ã—Ö–æ–¥. –ò–º –ø—Ä–µ–¥—Å—Ç–æ–∏—Ç –ø—Ä–∏–Ω—è—Ç—å —Å—É–¥—å–±—É –∏ –Ω–∞–π—Ç–∏ —Å–ø–æ—Å–æ–± –ø–æ–ª–æ–∂–∏—Ç—å –∫–æ–Ω–µ—Ü —ç—Ç–æ–π –±–µ—Å–∫–æ–Ω–µ—á–Ω–æ–π –æ—Ö–æ—Ç–µ. –†–µ—à–µ–Ω–∏–µ, –∫–æ—Ç–æ—Ä–æ–µ –∏–º –ø—Ä–µ–¥—Å—Ç–æ–∏—Ç –ø—Ä–∏–Ω—è—Ç—å, —Å—Ç–∞–Ω–µ—Ç –∏—Ö –ø–æ—Å–ª–µ–¥–Ω–∏–º —Ç–∞–Ω—Ü–µ–º ‚Äî —Ä–∏—Å–∫–æ–≤–∞–Ω–Ω—ã–º —à–∞–≥–æ–º –Ω–∞ –∫—Ä–∞—é –ø—Ä–æ–ø–∞—Å—Ç–∏, –æ—Ç –∫–æ—Ç–æ—Ä–æ–≥–æ –∑–∞–≤–∏—Å–∏—Ç –∏—Ö –¥–∞–ª—å–Ω–µ–π—à–∞—è –∂–∏–∑–Ω—å.",2024-08-11 22:40:23+03:00,d37b98fd-01cf-45ee-b063-522ce184654b,–§–∏–ª—å–º—ã
"–¢—Ä–∏-–±–æ–≥–∞—Ç—ã—Ä—è.–ù–∏-–¥–Ω—è-–±–µ–∑-–ø–æ–¥–≤–∏–≥–∞, —Ç—Ä–µ–π–ª–µ—Ä 2024","–û —Ñ–∏–ª—å–º–µ –£ —Ç—Ä–µ—Ö –±–æ–≥–∞—Ç—ã—Ä–µ–π —á—Ç–æ –Ω–∏ –¥–µ–Ω—å, —Ç–æ –ø–æ–¥–≤–∏–≥ –ø–æ —Ä–∞—Å–ø–∏—Å–∞–Ω–∏—é. –¢–æ –ø—Ä–∏–¥–µ—Ç—Å—è —Ä–∞—Å—Å–ª–µ–¥–æ–≤–∞—Ç—å –ø–æ—Ö–∏—â–µ–Ω–∏–µ –∫–Ω—è–∂–µ—Å–∫–æ–π –∫–æ—Ä–æ–Ω—ã, —Ç–æ —Å–ø–∞—Å–∞—Ç—å –¥—Ä—É–∑–µ–π –∏–∑ –≤–æ–ª—à–µ–±–Ω–æ–≥–æ –º–∏—Ä–∞ —Å–Ω–æ–≤, —Ç–æ –ö–æ–Ω—å –Æ–ª–∏–π —Å –ê–ª–µ—à–µ–π —Å—Ö–ª–µ—Å—Ç–Ω—É—Ç—Å—è –≤ —ç–ø–∏—á–µ—Å–∫–æ–π –±–∏—Ç–≤–µ —É–º–æ–≤. –ù–µ –±—ã–≤–∞–µ—Ç –º–∞–ª–µ–Ω—å–∫–∏—Ö –ø—Ä–∏–∫–ª—é—á–µ–Ω–∏–π, –¥–∞ –∏ –±–æ–≥–∞—Ç—ã—Ä–∏ –Ω–∞—à–∏ ‚Äî –Ω–µ–º–∞–ª–µ–Ω—å–∫–∏–µ. –¢–∞–∫ —á—Ç–æ –¥–æ–ª–≥–æ –ª–∏, –∫–æ—Ä–æ—Ç–∫–æ –ª–∏, –∞ –≤–∞—Å –∂–¥—É—Ç —Ç—Ä–∏ —É–≤–ª–µ–∫–∞—Ç–µ–ª—å–Ω—ã–µ –∏—Å—Ç–æ—Ä–∏–∏ —Ä–∞–∑–æ–º. #–º—É–ª—å—Ç–∏–∫#–∫–∏–Ω–æ#–≤–∫–∏–Ω–æ#—Å–º–æ—Ç—Ä–µ—Ç—å–æ–Ω–ª–∞–π–Ω#—Ä–æ—Å—Å–∏—è#–Ω–æ–≤–æ—Å—Ç–∏#–∞—Ñ–∏—à–∞",2024-08-11 22:35:31+03:00,7d648894-97d1-42fd-90e9-09f614540354,–§–∏–ª—å–º—ã
"‚úÖ –° –ª—é–±–æ–≤—å—é –∏–∑ ""–ü–∞—Ä–∏–∂–∞"" | 11-08-24",,2024-08-11 22:33:51+03:00,9a0047fa-d272-431a-a1d2-04d2c74b19d5,–Æ–º–æ—Ä
–î–µ—Ç—è–º.  –ú–∞–∫–∏—è–∂ –¥–ª—è –∫—É–∫–ª—ã. –°–º–æ—Ç—Ä–∏ –ø–æ–ª–Ω–æ–µ –≤–∏–¥–µ–æ –Ω–∞ –º–æ–µ–º –∫–∞–Ω–∞–ª–µ üç¨,"–ú–∞–∫–∏—è–∂ —Å–µ–≥–æ–¥–Ω—è –ø–æ–ª—É—á–∏–ª–∏ –∏ –∫—É–∫–ª–∞, –∏ –ê–ª–∏—Å–∞,–≤–∏–¥–µ–æ –æ –ø—Ä–æ—Å—Ç–æ–º –¥–Ω–µ –º–∞–ª–µ–Ω—å–∫–æ–π –¥–µ–≤–æ—á–∫–∏. –ò–≥—Ä—ã –Ω–∞—à–µ –≤—Å–µ,–∫–æ–≥–¥–∞ –±–æ–ª–µ–µ–º —Å–ø–∞—Å–∞–µ–º—Å—è —Ç–æ–ª—å–∫–æ –∏–º–∏ üíï",2024-08-11 22:33:49+03:00,0befe190-4a0e-4a5c-9f9d-fa3dcba21577,–î–µ—Ç—è–º
–ú–æ—è —Å–µ–º—å—è (2024) —Ç—Ä–µ–π–ª–µ—Ä,"–ù–µ–º–µ—Ü–∫–æ-—Ñ—Ä–∞–Ω—Ü—É–∑—Å–∫–∞—è —Ç—Ä–∞–≥–∏–∫–æ–º–µ–¥–∏—è ¬´–ú–æ—è —Å–µ–º—å—è (2024)¬ª (Treasure) —Å–æ–±—Ä–∞–ª–∞ –∑–∞ –¥–≤–µ –Ω–µ–¥–µ–ª–∏ –ø—Ä–æ–∫–∞—Ç–∞ –±–æ–ª–µ–µ 1 –º–ª–Ω —Ä—É–±–ª–µ–π. –§–∏–ª—å–º —Å–Ω—è—Ç –ø–æ –∫–Ω–∏–≥–µ –õ–∏–ª–∏ –ë—Ä–µ—Ç—Ç ¬´–°–ª–∏—à–∫–æ–º –º–Ω–æ–≥–æ –º—É–∂—á–∏–Ω¬ª 1999 –≥–æ–¥–∞. –ö–∞—Ä—Ç–∏–Ω—É –≤–ø–µ—Ä–≤—ã–µ –ø–æ–∫–∞–∑–ª–∏ –Ω–∞ 74-–º –ë–µ—Ä–ª–∏–Ω—Å–∫–æ–º –∫–∏–Ω–æ—Ñ–µ—Å—Ç–∏–≤–∞–ª–µ. –†–µ–∂–∏—Å—Å–µ—Ä: –Æ–ª–∏—è —Ñ–æ–Ω –•–∞–π–Ω—Ü. –í —Ä–æ–ª—è—Ö: –õ–∏–Ω–∞ –î–∞–Ω—ç–º, –°—Ç–∏–≤–µ–Ω –§—Ä–∞–π, –ê–Ω–¥—Ä–µ –•–µ–Ω–Ω–∏–∫–µ, –ó–±–∏–≥–Ω–µ–≤ –ó–∞–º–∞—Ö–æ–≤—Å–∫–∏–π, –°–∞–Ω–¥—Ä–∞ –î—Ä–∂—ã–º–∞–ª—å—Å–∫–∞ –∏ –¥—Ä.",2024-08-11 22:31:55+03:00,cb3df062-662a-417f-8f05-6f06d979874f,–§–∏–ª—å–º—ã
"–õ—é–¥–∏ –°–æ–∑–¥–∞–ª–∏ –ö–æ—Å–º–∏—á–µ—Å–∫—É—é –¢—é—Ä—å–º—É, —á—Ç–æ–±—ã –î–µ—Ä–∂–∞—Ç—å –°–∞–º—ã—Ö –û–ø–∞—Å–Ω—ã—Ö –ü—Ä–µ—Å—Ç—É–ø–Ω–∏–∫–æ–≤ –ü–æ–¥–∞–ª—å—à–µ –û—Ç –ó–µ–º–ª–∏","–í—Å–µ–º –ø—Ä–∏–≤–µ—Ç —Å –≤–∞–º–∏ –∫–∏–Ω–æ—Ö–æ—Ç –∏ —Å–µ–≥–æ–¥–Ω—è –º—ã –≤–∞–º —Ä–∞—Å—Å–∫–∞–∂–µ–º –æ —Ñ–∏–ª—å–º–µ –Ω–∞–ø—Ä–æ–ª–æ–º. –ü—Ä–∏—Å–∞–∂–∏–≤–∞–π—Ç–µ—Å—å –ø–æ—É–¥–æ–±–Ω–µ–µ –Ω—É –∞ –º—ã –Ω–∞—á–∏–Ω–∞–µ–º. –ö—Ä–∞—Ç–∫–∏–π –ø–µ—Ä–µ—Å–∫–∞–∑ —Ñ–∏–ª—å–º–∞ –Ω–∞–ø—Ä–æ–ª–æ–º    –¢—ç–≥–∏ –∫—Ä–∞—Ç–∫–∏–π –ø–µ—Ä–µ—Å–∫–∞–∑,–∫—Ä–∞—Ç–∫–∏–π –ø–µ—Ä–µ—Å–∫–∞–∑ —Ñ–∏–ª—å–º–∞,–∫—Ä–∞—Ç–∫–∏–π –ø–µ—Ä–µ—Å–∫–∞–∑ —Ñ–∏–ª—å–º–æ–≤,–ø–µ—Ä–µ—Å–∫–∞–∑ —Ñ–∏–ª—å–º–∞,–ø–µ—Ä–µ—Å–∫–∞–∑ —Å—é–∂–µ—Ç–∞,–∫—Ä–∞—Ç–∫–∏–π –ø–µ—Ä–µ—Å–∫–∞–∑ —Å—é–∂–µ—Ç–∞ —Ñ–∏–ª—å–º–∞,–ø–µ—Ä–µ—Å–∫–∞–∑—ã —Ñ–∏–ª—å–º–æ–≤,–∫—Ä–∞—Ç–∫–∏–π –ø–µ—Ä–µ—Å–∫–∞–∑ —Å—é–∂–µ—Ç–∞,–ø–µ—Ä–µ—Å–∫–∞–∑,–≤–µ—Å—å —Ñ–∏–ª—å–º –∑–∞ –Ω–µ—Å–∫–æ–ª—å–∫–æ –º–∏–Ω—É—Ç,–∫–∏–Ω–æ—Ö–æ—Ç,–∫–æ—Ä–æ—Ç–∫–∏–π –ø–µ—Ä–µ—Å–∫–∞–∑ —Ñ–∏–ª—å–º–∞,–ø–µ—Ä–µ—Å–∫–∞–∑ —Å—é–∂–µ—Ç–∞ —Ñ–∏–ª—å–º–∞,–∫—Ä–∞—Ç–∫–∏–µ –ø–µ—Ä–µ—Å–∫–∞–∑—ã —Ñ–∏–ª—å–º–æ–≤,–ø–µ—Ä–µ—Å–∫–∞–∑ —Ñ–∏–ª—å–º–∞ –∑–∞ –Ω–µ—Å–∫–æ–ª—å–∫–æ –º–∏–Ω—É—Ç,–∫—Ä–∞—Ç–∫–æ–µ —Å–æ–¥–µ—Ä–∂–∞–Ω–∏–µ,–∫—Ä–∞—Ç–∫–∏–µ –ø–µ—Ä–µ—Å–∫–∞–∑—ã,—Å—é–∂–µ—Ç,—Å–º—ã—Å–ª —Ñ–∏–ª—å–º–∞,—Å—é–∂–µ—Ç —Ñ–∏–ª—å–º–∞,–Ω–∞–ø—Ä–æ–ª–æ–º,–Ω–∞–ø—Ä–æ–ª–æ–º —Ñ–∏–ª—å–º,–Ω–∞–ø—Ä–æ–ª–æ–º –ø–µ—Ä–µ—Å–∫–∞–∑,kinohot",2024-08-11 22:31:52+03:00,90b0e1a4-4ebe-4f8d-80c2-914ddb002838,–§–∏–ª—å–º—ã
–ó–∞–Ω–∏–º–∞—Ç–µ–ª—å–Ω–∞—è –≥–µ–æ–º–µ—Ç—Ä–∏—è,,2024-08-11 22:31:03+03:00,d1900d3b-18e0-4ac9-b602-a2507522747f,–î–µ—Ç—è–º
–£—á–∏–º—Å—è —Å—á–∏—Ç–∞—Ç—å,,2024-08-11 22:31:03+03:00,ad262d83-2f8d-43ed-8b1e-8edd309a2aad,–î–µ—Ç—è–º
Five Little Monsters Jumping On The Bed _ Kids Halloween Song _ Super Simple Songs,,2024-08-11 22:29:46+03:00,4cc64e14-791d-4f8a-9868-b5815df26e0e,–î–µ—Ç—è–º
–ú–æ–∞–Ω–∞ 2 - —Ä—É—Å—Å–∫–∏–π —Ç—Ä–µ–π–ª–µ—Ä 2024,,2024-08-11 22:29:02+03:00,31f7a360-850a-401a-96e5-d2a3618ecc62,–ú—É–ª—å—Ç—Ñ–∏–ª—å–º—ã
"–ö–ê–†–º–∞–≥–µ–¥–¥–æ–Ω 6! –ú–æ–ª–Ω–∏—è –ú–∞–∫–≤–∏–Ω –∏ –º–∞—à–∏–Ω–∫–∏ —Å–æ—Ä–µ–≤–Ω—É—é—Ç—Å—è –Ω–∞ —Ç—Ä–∞—Å—Å–µ. –ù–ï –ø–æ–∑–Ω–∞–≤–∞—Ç–µ–ª—å–Ω–æ–µ, –ù–û —Ä–∞–∑–≤–ª–µ–∫–∞—Ç–µ–ª—å–Ω–æ–µ.","–ö–ê–†–º–∞–≥–µ–¥–¥–æ–Ω 6! –ú–æ–ª–Ω–∏—è –ú–∞–∫–≤–∏–Ω –∏ –º–∞—à–∏–Ω–∫–∏ —Å–æ—Ä–µ–≤–Ω—É—é—Ç—Å—è –Ω–∞ —Ç—Ä–∞—Å—Å–µ. –ù–ï –ø–æ–∑–Ω–∞–≤–∞—Ç–µ–ª—å–Ω–æ–µ, –ù–û —Ä–∞–∑–≤–ª–µ–∫–∞—Ç–µ–ª—å–Ω–æ–µ.",2024-08-11 22:27:08+03:00,e69eadc5-997b-49d9-abec-619129842e48,–ú—É–ª—å—Ç—Ñ–∏–ª—å–º—ã
–ú—É–ª—å—Ç—Ñ–∏–ª—å–º –í–ï–°–Å–õ–´–ï –°–¢–ê–†–¢–´ –¥–ª—è —Å–∞–º—ã—Ö –º–∞–ª–µ–Ω—å–∫–∏—Ö. –ó–∞–ª–∏–ø–∞—Ç–µ–ª—å–Ω–æ–µ –Ω–æ –±–µ—Å–ø–æ–ª–µ–∑–Ω–æ–µ –≤–∏–¥–µ–æ –Ω–∞ 50 –º–∏–Ω—É—Ç. –ß18,–ú—É–ª—å—Ç—Ñ–∏–ª—å–º –í–ï–°–Å–õ–´–ï –°–¢–ê–†–¢–´ –¥–ª—è —Å–∞–º—ã—Ö –º–∞–ª–µ–Ω—å–∫–∏—Ö. –ó–∞–ª–∏–ø–∞—Ç–µ–ª—å–Ω–æ–µ –Ω–æ –±–µ—Å–ø–æ–ª–µ–∑–Ω–æ–µ –≤–∏–¥–µ–æ –Ω–∞ 50 –º–∏–Ω—É—Ç. –ß18 –î–µ—Ç—Å–∫–∏–π –¥–ª—è –¥–µ—Ç–µ–π.,2024-08-11 22:27:08+03:00,ac0abbd8-0e75-45e8-9e50-e85f7c7b8ef0,–ú—É–ª—å—Ç—Ñ–∏–ª—å–º—ã
"–ê—Å—Ç—Ä–∞–ª.–ü—Ä–æ–∫–ª—è—Ç—å–µ-–õ–∏–ª–∏—Ç, –†—É—Å—Å–∫–∏–π-—Ç—Ä–µ–π–ª–µ—Ä 2024","–û —Ñ–∏–ª—å–º–µ  –ì—Ä—É–ø–ø–∞ –º–æ–ª–æ–¥—ã—Ö –ø–∞—Ä–Ω–µ–π –∏ –¥–µ–≤—É—à–µ–∫ –ø—Ä–æ–±—É–∂–¥–∞—é—Ç –ø–æ—Ç—É—Å—Ç–æ—Ä–æ–Ω–Ω—é—é —Å—É—â–Ω–æ—Å—Ç—å, –æ–∫–∞–∑–∞–≤—à—É—é—Å—è –º–æ–≥—É—â–µ—Å—Ç–≤–µ–Ω–Ω—ã–º –¥–µ–º–æ–Ω–æ–º –≤ –∂–µ–Ω—Å–∫–æ–º –æ–±–ª–∏—á–∏–∏. –û–Ω–∞ –ø–æ–¥–≥–æ—Ç–æ–≤–∏–ª–∞ –¥–ª—è –Ω–∏—Ö —Å–º–µ—Ä—Ç–µ–ª—å–Ω—ã–µ –ª–æ–≤—É—à–∫–∏ –∏ –Ω–µ –æ—Å—Ç–∞–Ω–æ–≤–∏—Ç—Å—è, –ø–æ–∫–∞ –Ω–µ —É–Ω–∏—á—Ç–æ–∂–∏—Ç –∏—Ö –≤—Å–µ—Ö. –ï–π –∏–∑–≤–µ—Å—Ç–Ω—ã –≤—Å–µ –∏—Ö —Å—Ç—Ä–∞—Ö–∏, –∞ —Å –∫–∞–∂–¥–æ–π –Ω–æ–≤–æ–π —Å–º–µ—Ä—Ç—å—é –∫–æ—Ä–æ–ª–µ–≤–∞ —Ç—å–º—ã —Å—Ç–∞–Ω–æ–≤–∏—Ç—Å—è —Ç–æ–ª—å–∫–æ —Å–∏–ª—å–Ω–µ–µ. –ï–¥–∏–Ω—Å—Ç–≤–µ–Ω–Ω—ã–π —à–∞–Ω—Å —Å–ø–∞—Å—Ç–∏—Å—å ‚Äî –ø—Ä–µ–¥—É–≥–∞–¥–∞—Ç—å –µ–µ –∫–æ–≤–∞—Ä–Ω—ã–µ –¥–µ–π—Å—Ç–≤–∏—è. #—Ç–æ–ø#—Ñ–∏–ª—å–º#—Å–µ—Ä–∏–∞–ª#–ª—É—á—à–∏–π#–ª—É—á—à–∏–π—Ñ–∏–ª—å–º#—É–∂–∞—Å—Ç–∏–∫#—Å–º–æ—Ç—Ä–µ—Ç—å–æ–Ω–ª–∞–π–Ω",2024-08-11 22:26:53+03:00,cc718e03-71ef-4013-b0b7-efc3fec1fc2d,–§–∏–ª—å–º—ã
Bye Bye Goodbye _ Goodbye Song for Kids _ Super Simple Songs,,2024-08-11 22:26:35+03:00,a8c2c0f8-176e-43d5-9ecb-9c8d0226a08c,–î–µ—Ç—è–º
Clean Up Song _ Kids Song for Tidying Up _ Super Simple Songs,,2024-08-11 22:25:45+03:00,43069aad-2797-48d9-93d2-4d47e1718aee,–î–µ—Ç—è–º
Hello! _ Kids Greeting Song and Feelings Song _ Super Simple Songs,,2024-08-11 22:25:45+03:00,350f1982-9699-4401-8629-445f90f8ae17,–ú—É–ª—å—Ç—Ñ–∏–ª—å–º—ã
–°–∏–Ω–∏–π —Ç—Ä–∞–∫—Ç–æ—Ä. –°–µ–∑–æ–Ω 2 (—Å–µ—Ä–∏–∏ 14-26),—Å–∏–Ω–∏–π —Ç—Ä–∞–∫—Ç–æ—Ä —Å–∏–Ω–∏–π —Ç—Ä–∞–∫—Ç–æ—Ä,2024-08-11 22:23:39+03:00,d21d0164-d337-421f-988c-c78fd39585b9,–ú—É–ª—å—Ç—Ñ–∏–ª—å–º—ã
Monkey Banana-Baby Monkey _ Animal Songs _ PINKFONG Songs for Children,,2024-08-11 22:22:54+03:00,049207a2-4470-43d0-956e-b0fc36680e65,–î–µ—Ç—è–º
¬´–û–±—ä–µ–∫—Ç–∏–≤–Ω–æ¬ª / ¬´–ö—Ä–∞—Å–Ω–æ–¥–∞—Ä¬ª ‚Äî –¶–°–ö–ê,,2024-08-11 22:18:26+03:00,066f2df7-d18c-4003-866e-d1a07b6ac946,–°–ø–æ—Ä—Ç
–ì–µ–æ–≥—Ä–∞—Ñ–∏—è –¥–ª—è —Å–∞–º—ã—Ö –º–∞–ª–µ–Ω—å–∫–∏—Ö,,2024-08-11 22:17:13+03:00,08f987f0-1a32-454c-befc-cba0ed4967f9,–î–µ—Ç—è–º
–ê–∑–±—É–∫–∞ –¥–ª—è –º–∞–ª—ã—à–µ–π,,2024-08-11 22:17:13+03:00,d5f70319-a250-4166-8b5e-feffb4ff916b,–î–µ—Ç—è–º
–î–µ—Ç—Å–∫–∞—è –ø–µ—Å–Ω—è l –§–†–ê–ù–¶–£–ó–°–ö–ò–ô –ë–£–õ–¨–î–û–ì! l –û—á–µ–Ω—å –≤–µ—Å–µ–ª–∞—è –ø–µ—Å–Ω—è –ø—Ä–æ —Å–æ–±–∞–∫—É l –°–º–µ—à–Ω—ã–µ –¥–µ—Ç—Å–∫–∏–µ –ø–µ—Å–µ–Ω–∫–∏,"–° –Ω–∞–º–∏ –≤—Å–µ–≥–¥–∞ –∏–Ω—Ç–µ—Ä–µ—Å–Ω–æ –∏ –≤–µ—Å–µ–ª–æ! –ü–æ–π—Ç–µ –≤–º–µ—Å—Ç–µ —Å –ª—é–±–∏–º—ã–º–∏ –≥–µ—Ä–æ—è–º–∏ –∏ –Ω–∞—Å–ª–∞–∂–¥–∞–π—Ç–µ—Å—å –∫—Ä–∞—Å–æ—á–Ω—ã–º–∏ –º—É–ª—å—Ç—Ñ–∏–ª—å–º–∞–º–∏. –ù–∞—à –∫–∞–Ω–∞–ª ‚Äî —ç—Ç–æ –º–µ—Å—Ç–æ, –≥–¥–µ –º–µ—á—Ç—ã –æ–∂–∏–≤–∞—é—Ç, –∞ —Ñ–∞–Ω—Ç–∞–∑–∏–∏ —Å—Ç–∞–Ω–æ–≤—è—Ç—Å—è —Ä–µ–∞–ª—å–Ω–æ—Å—Ç—å—é     –¢–µ–≥–∏ –∫–∞–Ω–∞–ª–∞: –¥–µ—Ç—Å–∫–∏–µ –ø–µ—Å–Ω–∏, –¥–µ—Ç—Å–∫–∏–µ –ø–µ—Å–Ω–∏ —Å–ª—É—à–∞—Ç—å, —Å–ª—É—à–∞—é—â–∏–π –¥–µ—Ç—Å–∫–∏–µ –ø–µ—Å–Ω–∏, –¥–µ—Ç—Å–∫–∏–µ –ø–µ—Å–Ω—å —Å–ª—É—à–∞—Ç—å, –¥–µ—Ç—Å–∫–∏–µ –ø–µ—Å–Ω–∏ –ø—Ä–æ, —Å–∫–∞—á–∞—Ç—å –¥–µ—Ç—Å–∫–∏–µ –ø–µ—Å–Ω–∏, –¥–µ—Ç—Å–∫–∏–µ –ø–µ—Å–Ω–∏ –±–µ—Å–ø–ª–∞—Ç–Ω–æ,–¥–µ—Ç—Å–∫–∏–µ –ø–µ—Å–Ω–∏ –æ–Ω–ª–∞–π–Ω,–¥–µ—Ç—Å–∫–∏–µ –ø–µ—Å–Ω–∏ —Å–ª—É—à–∞—Ç—å –æ–Ω–ª–∞–π–Ω, –¥–µ—Ç—Å–∫–∏–µ –ø–µ—Å–Ω—å —Å–ª—É—à–∞—Ç—å –æ–Ω–ª–∞–π–Ω, –¥–µ—Ç—Å–∫–∏–µ –ø–µ—Å–Ω–∏ —Å–ª—É—à–∞—Ç—å –±–µ—Å–ø–ª–∞—Ç–Ω–æ, –¥–µ—Ç—Å–∫–∏–µ –ø–µ—Å–Ω–∏ –æ–Ω–ª–∞–π–Ω –±–µ—Å–ø–ª–∞—Ç–Ω–æ, –¥–µ—Ç—Å–∫–∏–µ –ø–µ—Å–Ω–∏ —Å–ª—É—à–∞—Ç—å –æ–Ω–ª–∞–π–Ω –±–µ—Å–ø–ª–∞—Ç–Ω–æ, —Å–∫–∞—á–∞—Ç—å –¥–µ—Ç—Å–∫–∏–π –ø–µ—Å–Ω—å, –≤–µ—Å–µ–ª—ã–µ –¥–µ—Ç—Å–∫–∏–µ –ø–µ—Å–Ω–∏, –ø–µ—Å–Ω–∏ –¥–µ—Ç—Å–∫–æ–≥–æ —Å–∞–¥–∞, –¥–µ—Ç—Å–∫–∏–µ –ø–µ—Å–Ω–∏ —Å –¥–Ω–µ–º, –¥–µ—Ç—Å–∫–∏–µ –ø–µ—Å–Ω–∏ —Å —Ä–æ–∂–¥–µ–Ω–∏—è, –¥–µ—Ç—Å–∫–∏–µ –ø–µ—Å–Ω–∏ —Å –¥–Ω–µ–º —Ä–æ–∂–¥–µ–Ω–∏—è, –¥–µ—Ç—Å–∫–∏–µ –ø–µ—Å–Ω–∏ –¥–ª—è –º–∞–ª—ã—à–µ–π, —Å–æ–≤—Ä–µ–º–µ–Ω–Ω—ã–µ –¥–µ—Ç—Å–∫–∏–µ –ø–µ—Å–Ω–∏, –¥–µ—Ç—Å–∫–∏–µ –ø–µ—Å–Ω–∏ —Å–∫–∞—á–∞—Ç—å –±–µ—Å–ø–ª–∞—Ç–Ω–æ,—Å–æ–≤–µ—Ç—Å–∫–∏–µ –¥–µ—Ç—Å–∫–∏–µ –ø–µ—Å–Ω–∏, –¥–µ—Ç—Å–∫–∏–µ –ø–µ—Å–Ω–∏ –∏–∑ –º—É–ª—å—Ç—Ñ–∏–ª—å–º–æ–≤, –¥–µ—Ç—Å–∫–∏–µ –ø–µ—Å–Ω–∏ —Ç–µ–∫—Å—Ç, –ª—É—á—à–∏–µ –¥–µ—Ç—Å–∫–∏–µ –ø–µ—Å–Ω–∏, –ø–µ—Å–Ω—é –ª–µ—Ç—É –¥–µ—Ç—Å–∫–∞—è, –¥–µ—Ç—Å–∫–∏–µ –∞–Ω—Å–∞–º–±–ª–∏ –ø–µ—Å–Ω–∏, –¥–µ—Ç—Å–∫–∏–µ –ø–µ—Å–Ω–∏ –¥–ª—è –¥–µ—Ç–µ–π, —Å–±–æ—Ä–Ω–∏–∫ –¥–µ—Ç—Å–∫–∏—Ö –ø–µ—Å–µ–Ω, —Å–∫–∞—á–∞—Ç—å –¥–µ—Ç—Å–∫–∏–µ –ø–µ—Å–Ω–∏ –ø—Ä–æ, –ª—É—á—à–∏–µ –¥–µ—Ç—Å–∫–∏–µ –ø–µ—Å–Ω–∏ –±–µ—Å–ø–ª–∞—Ç–Ω–æ ,—Å–∫–∞—á–∞—Ç—å –¥–µ—Ç—Å–∫—É—é –ø–µ—Å–Ω—é –¥–µ–Ω—å",2024-08-11 22:16:39+03:00,23ba0aba-9198-44d7-a9aa-0019951b853a,–ú—É–ª—å—Ç—Ñ–∏–ª—å–º—ã
–í–µ–Ω–æ–º 3: –ü–æ—Å–ª–µ–¥–Ω–∏–π —Ç–∞–Ω–µ—Ü / –§–∏–ª—å–º 2024 / –°–º–æ—Ç—Ä–µ—Ç—å –æ–Ω–ª–∞–π–Ω,"–í–µ–Ω–æ–º 3: –ü–æ—Å–ª–µ–¥–Ω–∏–π —Ç–∞–Ω–µ—Ü / –§–∏–ª—å–º 2024 / –°–º–æ—Ç—Ä–µ—Ç—å –æ–Ω–ª–∞–π–Ω –°–º–æ—Ç—Ä–µ—Ç—å —Ñ–∏–ª—å–º —Ç—É—Ç ‚û°Ô∏è –≠–¥–¥–∏ –∏ –í–µ–Ω–æ–º –≤—ã–Ω—É–∂–¥–µ–Ω—ã –±–µ–∂–∞—Ç—å, –≤–µ–¥—å —Ç–µ–ø–µ—Ä—å –∏—Ö –ø—Ä–µ—Å–ª–µ–¥—É—é—Ç –¥–≤–∞ –º–∏—Ä–∞, –∫–æ—Ç–æ—Ä—ã–µ –∑–∞–∫—Ä—É—á–∏–≤–∞—é—Ç –≤—Å—ë –≤ –æ–¥–Ω—É –æ–ø–∞—Å–Ω—É—é –ø–∞—É—Ç–∏–Ω—É. –ò—Ö —Å—É—â–µ—Å—Ç–≤–æ–≤–∞–Ω–∏–µ —Å—Ç–∞–Ω–æ–≤–∏—Ç—Å—è –ø–æ—Å—Ç–æ—è–Ω–Ω–æ–π –±–æ—Ä—å–±–æ–π –∑–∞ –≤—ã–∂–∏–≤–∞–Ω–∏–µ, –≥–¥–µ –∫–∞–∂–¥–∞—è –æ—à–∏–±–∫–∞ –º–æ–∂–µ—Ç –±—ã—Ç—å —Ñ–∞—Ç–∞–ª—å–Ω–æ–π. –ü—Ä–µ—Å–ª–µ–¥—É–µ–º—ã–µ –º–æ–≥—É—â–µ—Å—Ç–≤–µ–Ω–Ω—ã–º–∏ –≤—Ä–∞–≥–∞–º–∏ –∏ —Å—Ç–∞—Ä—ã–º–∏ —Å–æ—é–∑–Ω–∏–∫–∞–º–∏, –æ–Ω–∏ –æ–∫–∞–∑—ã–≤–∞—é—Ç—Å—è –Ω–∞ –≥—Ä–∞–Ω–∏, –Ω–µ –∑–Ω–∞—è, –∫–æ–º—É –º–æ–∂–Ω–æ –¥–æ–≤–µ—Ä—è—Ç—å. –í—ã–Ω—É–∂–¥–µ–Ω–Ω—ã–µ —Å–∫—Ä—ã–≤–∞—Ç—å—Å—è, –≠–¥–¥–∏ –∏ –í–µ–Ω–æ–º –ø—Ä–æ—Ö–æ–¥—è—Ç —á–µ—Ä–µ–∑ —Ü–µ–ª—É—é —Å–µ—Ä–∏—é –∏—Å–ø—ã—Ç–∞–Ω–∏–π, –∫–æ—Ç–æ—Ä—ã–µ –ø—Ä–æ–≤–µ—Ä—è—é—Ç –∏—Ö —Å–≤—è–∑—å –∏ —Ä–µ—à–∏–º–æ—Å—Ç—å. –û–Ω–∏ —Å—Ç–∞–ª–∫–∏–≤–∞—é—Ç—Å—è —Å –Ω–µ–ø—Ä–µ–æ–¥–æ–ª–∏–º—ã–º–∏ –ø—Ä–µ–ø—è—Ç—Å—Ç–≤–∏—è–º–∏, –æ—Ç—Å—Ç—É–ø–∞—é—Ç –ø–µ—Ä–µ–¥ –±–µ–∑–∂–∞–ª–æ—Å—Ç–Ω—ã–º–∏ –æ—Ö–æ—Ç–Ω–∏–∫–∞–º–∏ –∏ –Ω–∞—Ö–æ–¥—è—Ç —Ç–∏–µ –≤ —Å–∞–º—ã—Ö –Ω–µ–æ–∂–∏–¥–∞–Ω–Ω—ã—Ö –º–µ—Å—Ç–∞—Ö. –ö–∞–∂–¥–∞—è –Ω–æ–≤–∞—è –≤—Å—Ç—Ä–µ—á–∞ –∏ –∫–∞–∂–¥—ã–π –Ω–æ–≤—ã–π –±–æ–π –¥–µ–ª–∞—é—Ç –∏—Ö —Å–∏–ª—å–Ω–µ–µ, –Ω–æ —Ç–∞–∫–∂–µ –ø—Ä–∏–±–ª–∏–∂–∞—é—Ç –∫ –º–æ–º–µ–Ω—Ç—É –ø—Ä–∏–Ω—è—Ç–∏—è —Å—É–¥—å–±–æ–Ω–æ—Å–Ω–æ–≥–æ —Ä–µ—à–µ–Ω–∏—è. –ü–æ –º–µ—Ä–µ —Ç–æ–≥–æ –∫–∞–∫ –¥–∞–≤–ª–µ–Ω–∏–µ —É—Å–∏–ª–∏–≤–∞–µ—Ç—Å—è, –≠–¥–¥–∏ –∏ –í–µ–Ω–æ–º –Ω–∞—á–∏–Ω–∞—é—Ç –ø–æ–Ω–∏–º–∞—Ç—å, —á—Ç–æ –±–µ–≥—Å—Ç–≤–æ ‚Äî —ç—Ç–æ –Ω–µ –≤—ã—Ö–æ–¥. –ò–º –ø—Ä–µ–¥—Å—Ç–æ–∏—Ç –ø—Ä–∏–Ω—è—Ç—å —Å—É–¥—å–±—É –∏ –Ω–∞–π—Ç–∏ —Å–ø–æ—Å–æ–± –ø–æ–ª–æ–∂–∏—Ç—å –∫–æ–Ω–µ—Ü —ç—Ç–æ–π –±–µ—Å–∫–æ–Ω–µ—á–Ω–æ–π –æ—Ö–æ—Ç–µ. –†–µ—à–µ–Ω–∏–µ, –∫–æ—Ç–æ—Ä–æ–µ –∏–º –ø—Ä–µ–¥—Å—Ç–æ–∏—Ç –ø—Ä–∏–Ω—è—Ç—å, —Å—Ç–∞–Ω–µ—Ç –∏—Ö –ø–æ—Å–ª–µ–¥–Ω–∏–º —Ç–∞–Ω—Ü–µ–º ‚Äî —Ä–∏—Å–∫–æ–≤–∞–Ω–Ω—ã–º —à–∞–≥–æ–º –Ω–∞ –∫—Ä–∞—é –ø—Ä–æ–ø–∞—Å—Ç–∏, –æ—Ç –∫–æ—Ç–æ—Ä–æ–≥–æ –∑–∞–≤–∏—Å–∏—Ç –∏—Ö –¥–∞–ª—å–Ω–µ–π—à–∞—è –∂–∏–∑–Ω—å.",2024-08-11 22:16:14+03:00,15ba8341-8adb-4e23-9f9e-57da23eff128,–§–∏–ª—å–º—ã
–ì–æ–ª–æ–≤–æ–ª–æ–º–∫–∞ 2 –º—É–ª—å—Ç—Ñ–∏–ª—å–º 2024 / –°–º–æ—Ç—Ä–µ—Ç—å –æ–Ω–ª–∞–π–Ω –≤ 4k –∫–∞—á–µ—Å—Ç–≤–µ,"–ì–æ–ª–æ–≤–æ–ª–æ–º–∫–∞ 2 –º—É–ª—å—Ç—Ñ–∏–ª—å–º 2024 / –°–º–æ—Ç—Ä–µ—Ç—å –æ–Ω–ª–∞–π–Ω –≤ 4k –∫–∞—á–µ—Å—Ç–≤–µ –°–º–æ—Ç—Ä–µ—Ç—å –≤ 4k —Ç—É—Ç ‚û°Ô∏è –ú–æ–∑–≥ –†–∞–π–ª–∏ –≤–Ω–µ–∑–∞–ø–Ω–æ –ø–æ–¥–≤–µ—Ä–≥–∞–µ—Ç—Å—è –∫–∞–ø–∏—Ç–∞–ª—å–Ω–æ–º—É —Ä–µ–º–æ–Ω—Ç—É –≤ —Ç–æ—Ç –º–æ–º–µ–Ω—Ç, –∫–æ–≥–¥–∞ –Ω–µ–æ–±—Ö–æ–¥–∏–º–æ –æ—Å–≤–æ–±–æ–¥–∏—Ç—å –º–µ—Å—Ç–æ –¥–ª—è –∫–æ–µ-—á–µ–≥–æ —Å–æ–≤–µ—Ä—à–µ–Ω–Ω–æ –Ω–µ–æ–∂–∏–¥–∞–Ω–Ω–æ–≥–æ: –Ω–æ–≤—ã—Ö —ç–º–æ—Ü–∏–π. –†–∞–¥–æ—Å—Ç—å, –ì—Ä—É—Å—Ç—å, –ì–Ω–µ–≤, –°—Ç—Ä–∞—Ö –∏ –û—Ç–≤—Ä–∞—â–µ–Ω–∏–µ –Ω–∏–∫–∞–∫ –Ω–µ –æ–∂–∏–¥–∞–ª–∏ –ø–æ—è–≤–ª–µ–Ω–∏—è –Ω–µ–∫–æ–π –¢—Ä–µ–≤–æ–∂–Ω–æ—Å—Ç–∏. –ò –ø–æ—Ö–æ–∂–µ, –Ω–µ —Ç–æ–ª—å–∫–æ –µ—ë.",2024-08-11 22:16:06+03:00,3ef455d8-e3e4-4929-b1d2-db0d330ba386,–ú—É–ª—å—Ç—Ñ–∏–ª—å–º—ã
–î–µ—Ç—Å–∫–∞—è –ø–µ—Å–Ω—è l –ñ–∏—Ä–Ω–∞—è –º—É—Ö–∞ l –í–µ—Å–µ–ª–∞—è –¥–µ—Ç—Å–∫–∞—è –ø–µ—Å–Ω—è –ø—Ä–æ –º—É—Ö—É l –°–º–µ—à–Ω—ã–µ –¥–µ—Ç—Å–∫–∏–µ –ø–µ—Å–µ–Ω–∫–∏,"–° –Ω–∞–º–∏ –≤—Å–µ–≥–¥–∞ –∏–Ω—Ç–µ—Ä–µ—Å–Ω–æ –∏ –≤–µ—Å–µ–ª–æ! –ü–æ–π—Ç–µ –≤–º–µ—Å—Ç–µ —Å –ª—é–±–∏–º—ã–º–∏ –≥–µ—Ä–æ—è–º–∏ –∏ –Ω–∞—Å–ª–∞–∂–¥–∞–π—Ç–µ—Å—å –∫—Ä–∞—Å–æ—á–Ω—ã–º–∏ –º—É–ª—å—Ç—Ñ–∏–ª—å–º–∞–º–∏. –ù–∞—à –∫–∞–Ω–∞–ª ‚Äî —ç—Ç–æ –º–µ—Å—Ç–æ, –≥–¥–µ –º–µ—á—Ç—ã –æ–∂–∏–≤–∞—é—Ç, –∞ —Ñ–∞–Ω—Ç–∞–∑–∏–∏ —Å—Ç–∞–Ω–æ–≤—è—Ç—Å—è —Ä–µ–∞–ª—å–Ω–æ—Å—Ç—å—é     –¢–µ–≥–∏ –∫–∞–Ω–∞–ª–∞: –¥–µ—Ç—Å–∫–∏–µ –ø–µ—Å–Ω–∏, –¥–µ—Ç—Å–∫–∏–µ –ø–µ—Å–Ω–∏ —Å–ª—É—à–∞—Ç—å, —Å–ª—É—à–∞—é—â–∏–π –¥–µ—Ç—Å–∫–∏–µ –ø–µ—Å–Ω–∏, –¥–µ—Ç—Å–∫–∏–µ –ø–µ—Å–Ω—å —Å–ª—É—à–∞—Ç—å, –¥–µ—Ç—Å–∫–∏–µ –ø–µ—Å–Ω–∏ –ø—Ä–æ, —Å–∫–∞—á–∞—Ç—å –¥–µ—Ç—Å–∫–∏–µ –ø–µ—Å–Ω–∏, –¥–µ—Ç—Å–∫–∏–µ –ø–µ—Å–Ω–∏ –±–µ—Å–ø–ª–∞—Ç–Ω–æ,–¥–µ—Ç—Å–∫–∏–µ –ø–µ—Å–Ω–∏ –æ–Ω–ª–∞–π–Ω,–¥–µ—Ç—Å–∫–∏–µ –ø–µ—Å–Ω–∏ —Å–ª—É—à–∞—Ç—å –æ–Ω–ª–∞–π–Ω, –¥–µ—Ç—Å–∫–∏–µ –ø–µ—Å–Ω—å —Å–ª—É—à–∞—Ç—å –æ–Ω–ª–∞–π–Ω, –¥–µ—Ç—Å–∫–∏–µ –ø–µ—Å–Ω–∏ —Å–ª—É—à–∞—Ç—å –±–µ—Å–ø–ª–∞—Ç–Ω–æ, –¥–µ—Ç—Å–∫–∏–µ –ø–µ—Å–Ω–∏ –æ–Ω–ª–∞–π–Ω –±–µ—Å–ø–ª–∞—Ç–Ω–æ, –¥–µ—Ç—Å–∫–∏–µ –ø–µ—Å–Ω–∏ —Å–ª—É—à–∞—Ç—å –æ–Ω–ª–∞–π–Ω –±–µ—Å–ø–ª–∞—Ç–Ω–æ, —Å–∫–∞—á–∞—Ç—å –¥–µ—Ç—Å–∫–∏–π –ø–µ—Å–Ω—å, –≤–µ—Å–µ–ª—ã–µ –¥–µ—Ç—Å–∫–∏–µ –ø–µ—Å–Ω–∏, –ø–µ—Å–Ω–∏ –¥–µ—Ç—Å–∫–æ–≥–æ —Å–∞–¥–∞, –¥–µ—Ç—Å–∫–∏–µ –ø–µ—Å–Ω–∏ —Å –¥–Ω–µ–º, –¥–µ—Ç—Å–∫–∏–µ –ø–µ—Å–Ω–∏ —Å —Ä–æ–∂–¥–µ–Ω–∏—è, –¥–µ—Ç—Å–∫–∏–µ –ø–µ—Å–Ω–∏ —Å –¥–Ω–µ–º —Ä–æ–∂–¥–µ–Ω–∏—è, –¥–µ—Ç—Å–∫–∏–µ –ø–µ—Å–Ω–∏ –¥–ª—è –º–∞–ª—ã—à–µ–π, —Å–æ–≤—Ä–µ–º–µ–Ω–Ω—ã–µ –¥–µ—Ç—Å–∫–∏–µ –ø–µ—Å–Ω–∏, –¥–µ—Ç—Å–∫–∏–µ –ø–µ—Å–Ω–∏ —Å–∫–∞—á–∞—Ç—å –±–µ—Å–ø–ª–∞—Ç–Ω–æ,—Å–æ–≤–µ—Ç—Å–∫–∏–µ –¥–µ—Ç—Å–∫–∏–µ –ø–µ—Å–Ω–∏, –¥–µ—Ç—Å–∫–∏–µ –ø–µ—Å–Ω–∏ –∏–∑ –º—É–ª—å—Ç—Ñ–∏–ª—å–º–æ–≤, –¥–µ—Ç—Å–∫–∏–µ –ø–µ—Å–Ω–∏ —Ç–µ–∫—Å—Ç, –ª—É—á—à–∏–µ –¥–µ—Ç—Å–∫–∏–µ –ø–µ—Å–Ω–∏, –ø–µ—Å–Ω—é –ª–µ—Ç—É –¥–µ—Ç—Å–∫–∞—è, –¥–µ—Ç—Å–∫–∏–µ –∞–Ω—Å–∞–º–±–ª–∏ –ø–µ—Å–Ω–∏, –¥–µ—Ç—Å–∫–∏–µ –ø–µ—Å–Ω–∏ –¥–ª—è –¥–µ—Ç–µ–π, —Å–±–æ—Ä–Ω–∏–∫ –¥–µ—Ç—Å–∫–∏—Ö –ø–µ—Å–µ–Ω, —Å–∫–∞—á–∞—Ç—å –¥–µ—Ç—Å–∫–∏–µ –ø–µ—Å–Ω–∏ –ø—Ä–æ, –ª—É—á—à–∏–µ –¥–µ—Ç—Å–∫–∏–µ –ø–µ—Å–Ω–∏ –±–µ—Å–ø–ª–∞—Ç–Ω–æ ,—Å–∫–∞—á–∞—Ç—å –¥–µ—Ç—Å–∫—É—é –ø–µ—Å–Ω—é –¥–µ–Ω—å",2024-08-11 22:13:19+03:00,14065102-e559-49b3-92c1-1693c367c01f,–ú—É–ª—å—Ç—Ñ–∏–ª—å–º—ã
–ò–∑—É—á–∞–µ–º –ê–õ–§–ê–í–ò–¢ –∏ –ñ–ò–í–û–¢–ù–´–• _ –†—É—Å—Å–∫–∞—è –ê–∑–±—É–∫–∞ –¥–ª—è –º–∞–ª—ã—à–µ–π _ –†–∞–∑–≤–∏–≤–∞—é—â–∏–µ –º—É–ª—å—Ç—Ñ–∏–ª—å–º—ã –¥–ª—è –¥–µ—Ç–µ–π,–ü–æ–¥–ø–∏—à–∏—Å—å –∏ –ø–æ—Å—Ç–∞–≤—å –õ–∞–π–∫‚ù§Ô∏è –ì—Ä—É–ø–ø–∞ –í–ö–æ–Ω—Ç–∞–∫—Ç–µ ,2024-08-11 22:11:04+03:00,715ba7c9-1ea8-4d38-ba16-037bdbf5cf0b,–ú—É–ª—å—Ç—Ñ–∏–ª—å–º—ã
–ì–æ–ª–æ–≤–æ–ª–æ–º–∫–∞ 2 –º—É–ª—å—Ç—Ñ–∏–ª—å–º 2024 / –°–º–æ—Ç—Ä–µ—Ç—å –æ–Ω–ª–∞–π–Ω –≤ 4k –∫–∞—á–µ—Å—Ç–≤–µ,"–ì–æ–ª–æ–≤–æ–ª–æ–º–∫–∞ 2 –º—É–ª—å—Ç—Ñ–∏–ª—å–º 2024 / –°–º–æ—Ç—Ä–µ—Ç—å –æ–Ω–ª–∞–π–Ω –≤ 4k –∫–∞—á–µ—Å—Ç–≤–µ –°–º–æ—Ç—Ä–µ—Ç—å –≤ 4k —Ç—É—Ç ‚û°Ô∏è –ú–æ–∑–≥ –†–∞–π–ª–∏ –≤–Ω–µ–∑–∞–ø–Ω–æ –ø–æ–¥–≤–µ—Ä–≥–∞–µ—Ç—Å—è –∫–∞–ø–∏—Ç–∞–ª—å–Ω–æ–º—É —Ä–µ–º–æ–Ω—Ç—É –≤ —Ç–æ—Ç –º–æ–º–µ–Ω—Ç, –∫–æ–≥–¥–∞ –Ω–µ–æ–±—Ö–æ–¥–∏–º–æ –æ—Å–≤–æ–±–æ–¥–∏—Ç—å –º–µ—Å—Ç–æ –¥–ª—è –∫–æ–µ-—á–µ–≥–æ —Å–æ–≤–µ—Ä—à–µ–Ω–Ω–æ –Ω–µ–æ–∂–∏–¥–∞–Ω–Ω–æ–≥–æ: –Ω–æ–≤—ã—Ö —ç–º–æ—Ü–∏–π. –†–∞–¥–æ—Å—Ç—å, –ì—Ä—É—Å—Ç—å, –ì–Ω–µ–≤, –°—Ç—Ä–∞—Ö –∏ –û—Ç–≤—Ä–∞—â–µ–Ω–∏–µ –Ω–∏–∫–∞–∫ –Ω–µ –æ–∂–∏–¥–∞–ª–∏ –ø–æ—è–≤–ª–µ–Ω–∏—è –Ω–µ–∫–æ–π –¢—Ä–µ–≤–æ–∂–Ω–æ—Å—Ç–∏. –ò –ø–æ—Ö–æ–∂–µ, –Ω–µ —Ç–æ–ª—å–∫–æ –µ—ë.",2024-08-11 22:09:39+03:00,35a3fb69-eb59-474a-a93c-b1ba97ea9ae6,–ú—É–ª—å—Ç—Ñ–∏–ª—å–º—ã
–î–†–£–ó–¨–Ø –õ–û–•–ú–ê–¢–´–ï - –ü–µ—Å–µ–Ω–∫–∏ - –£–≥–∞–¥–∞–π –≤—Å–µ—Ö –∂–∏–≤–æ—Ç–Ω—ã—Ö. –ú—É–ª—å—Ç–∏–∫–∏ –¥–ª—è –º–∞–ª—ã—à–µ–π,–ü–µ—Å–µ–Ω–∫–∏ –¥–ª—è –º–∞–ª—ã—à–µ–π –ü–æ–¥–¥–µ—Ä–∂–∏—Ç–µ –Ω–∞—à –∫–∞–Ω–∞–ª,2024-08-11 22:08:12+03:00,25b6143f-cb23-4e85-899c-fa80c2b9e1b6,–ú—É–ª—å—Ç—Ñ–∏–ª—å–º—ã
25 –°–ê–ú–´–• –õ–£–ß–®–ò–• –°–ï–†–ò–ê–õ–û–í –ö–û–¢–û–†–´–ï –í–´–•–û–î–Ø–¢ –í –ê–í–ì–£–°–¢–ï,"25 –≥–ª–∞–≤–Ω—ã—Ö —Å–µ—Ä–∏–∞–ª–æ–≤ –∞–≤–≥—É—Å—Ç–∞ 2024: –í—Å–µ, —á—Ç–æ –Ω—É–∂–Ω–æ –∑–Ω–∞—Ç—å  –í —ç—Ç–æ–º –≤–∏–¥–µ–æ –º—ã —Ä–∞—Å—Å–∫–∞–∂–µ–º –æ —Å–∞–º—ã—Ö –æ–∂–∏–¥–∞–µ–º—ã—Ö —Å–µ—Ä–∏–∞–ª–∞—Ö –∞–≤–≥—É—Å—Ç–∞ 2024 –≥–æ–¥–∞. –£–∑–Ω–∞–π—Ç–µ –≤—Å–µ –æ –Ω–æ–≤—ã—Ö —Å–µ–∑–æ–Ω–∞—Ö –∏ –ø—Ä–µ–º—å–µ—Ä–∞—Ö, –∫–æ—Ç–æ—Ä—ã–µ –Ω–µ–ª—å–∑—è –ø—Ä–æ–ø—É—Å—Ç–∏—Ç—å! –ü–æ–¥–ø–∏—Å—ã–≤–∞–π—Ç–µ—Å—å –Ω–∞ –Ω–∞—à –∫–∞–Ω–∞–ª, —á—Ç–æ–±—ã –Ω–µ –ø—Ä–æ–ø—É—Å—Ç–∏—Ç—å –ø–æ–¥—Ä–æ–±–Ω—ã–µ –æ–±–∑–æ—Ä—ã –∫–∞–∂–¥–æ–≥–æ —Å–µ—Ä–∏–∞–ª–∞. **–°–ø–∏—Å–æ–∫ —Å–µ—Ä–∏–∞–ª–æ–≤:**  1. –ó–ª–æ 4 —Å–µ–∑–æ–Ω 2. –î–∞–º–∞ —Å —Å–æ–±–∞—á–∫–æ–π 2 —Å–µ–∑–æ–Ω 3. –¢—Ä—É–¥–Ω–∞—è 4. –û–Ω–∞ —Ç–∞–∫–∞—è –∫–ª–∞—Å—Å–Ω–∞—è 5. –ë–≠–¢–ú–ï–ù: –ö—Ä–µ—Å—Ç–æ–Ω–æ—Å–µ—Ü –≤ –ø–ª–∞—â–µ 6. –ñ–µ–Ω—â–∏–Ω–∞ –≤ –æ–∑–µ—Ä–µ 7. –ò–≥—Ä—ã 8. –î–æ–º –î—Ä–∞–∫–æ–Ω–∞ 9. –ú—ç—Ä –ö–∏–Ω–≥—Å—Ç–∞—É–Ω–∞ 3 —Å–µ–∑–æ–Ω 10. –ò–º–ø–µ—Ä–∞—Ç–æ—Ä –û—É—à–µ–Ω –ü–∞—Ä–∫–∞ 11. –í–∑—Ä–æ—Å–ª—ã–µ 12. –ì–æ—Ä–æ–¥ —Ç–∞–π–Ω 13. –°–∞–Ω–Ω–∏ 14. –ë–∞–Ω–¥–∏—Ç—ã –≤–æ –≤—Ä–µ–º–µ–Ω–∏ 15. –ê–∫–∞–¥–µ–º–∏—è –ê–º–±—Ä–µ–ª–ª–∞ 4 —Å–µ–∑–æ–Ω 16. –ò–Ω–¥—É—Å—Ç—Ä–∏—è 3 —Å–µ–∑–æ–Ω 17. –ë–µ–¥–Ω—ã–π –æ–ª–∏–≥–∞—Ä—Ö 3 —Å–µ–∑–æ–Ω 18. –ü–ª–æ—Ö–∞—è –æ–±–µ–∑—å—è–Ω–∞ 19. –≠–º–∏–ª–∏ –≤ –ü–∞—Ä–∏–∂–µ 4 —Å–µ–∑–æ–Ω 20. –î–æ—Ä–æ–≥–∞ –≤ —Ç—ã—Å—è—á—É –ª–∏ 2 —Å–µ–∑–æ–Ω 21. –ì–æ—Ä–æ–¥ –ë–æ–≥–∞: –ë–æ—Ä—å–±–∞ –Ω–∞–∫–∞–ª—è–µ—Ç—Å—è 22. –£–±–∏–π—Å—Ç–≤–∞ –≤ –æ–¥–Ω–æ–º –∑–¥–∞–Ω–∏–∏ 23. –í–ª–∞—Å—Ç–µ–ª–∏–Ω –ö–æ–ª–µ—Ü: –ö–æ–ª—å—Ü–∞ –≤–ª–∞—Å—Ç–∏ 2 —Å–µ–∑–æ–Ω 24. –•–∞–æ—Å 25. –¢–µ—Ä–º–∏–Ω–∞—Ç–æ—Ä –ó–µ—Ä–æ  –î–æ–Ω–∞—Ç: /@120919 –î–æ–Ω–∞—Ç —Å —Å–æ–æ–±—â–µ–Ω–∏–µ–º:  ‚ñ∫–û—Ç–∫—Ä—ã—Ç –¥–ª—è —Å–æ—Ç—Ä—É–¥–Ω–∏—á–µ—Å—Ç–≤–∞ - email  –ö–∞–Ω–∞–ª –Ω–∞ YouTube, –®—É–±–∏–Ω Stream - /  –ü–æ–¥–ø–∏—Å—ã–≤–∞–π—Å—è –Ω–∞ –º–æ–π –¢–ì: /+V4VpC-INpeg0Yjdi  –ö–∞–Ω–∞–ª –≤ Rutube: /  –ö–∞–Ω–∞–ª –≤ –Ø–Ω–¥–µ–∫—Å.–î–∑–µ–Ω:  –ö–∞–Ω–∞–ª –Ω–∞ Twitch:  –ö–∞–Ω–∞–ª –Ω–∞ Kick:  –ì—Ä—É–ø–ø–∞ –≤ VK:  #–ø–æ–¥–±–æ—Ä–∫–∞—Å–µ—Ä–∏–∞–ª–æ–≤ #–í–ª–∞—Å—Ç–µ–ª–∏–Ω–ö–æ–ª–µ—Ü–ö–æ–ª—å—Ü–∞–≤–ª–∞—Å—Ç–∏ #—á—Ç–æ–ø–æ—Å–º–æ—Ç—Ä–µ—Ç—å–≤–∞–≤–≥—É—Å—Ç–µ",2024-08-11 22:06:32+03:00,b76fab96-9744-4fdf-ba09-876827159a82,–°–µ—Ä–∏–∞–ª—ã
–ü–æ—é—â–∏–µ –∑–≤–µ—Ä—é—à–∫–∏: –≤–µ—Å–µ–Ω–Ω—è—è –ø–µ—Å–Ω—è,#–ü–æ—é—â–∏–µ–ó–≤–µ—Ä—é—à–∫–∏ #–î–µ—Ç—Å–∫–∏–µ–ü–µ—Å–Ω–∏ #–í–µ—Å–µ–ª—ã–µ–ñ–∏–≤–æ—Ç–Ω—ã–µ #–ú—É–∑—ã–∫–∞–ª—å–Ω—ã–µ–ó–≤–µ—Ä–∏ #–î–µ—Ç—Å–∫–æ–µ–í–∏–¥–µ–æ #–û–±—É—á–∞—é—â–∏–µ–ü–µ—Å–Ω–∏ #–ü–µ—Å–Ω–∏–î–ª—è–î–µ—Ç–µ–π #–°–º–µ—à–Ω—ã–µ–ñ–∏–≤–æ—Ç–Ω—ã–µ #–†–∞–∑–≤–ª–µ–∫–∞—Ç–µ–ª—å–Ω–æ–µ–í–∏–¥–µ–æ #–í–µ—Å–µ–ª–∞—è–ú—É–∑—ã–∫–∞ #–ü–µ—Å–µ–Ω–∫–∏–î–ª—è–ú–∞–ª—ã—à–µ–π #–ñ–∏–≤–æ—Ç–Ω—ã–µ–ü–æ—é—Ç #–î–µ—Ç—Å–∫–∞—è–ú—É–∑—ã–∫–∞ #–í–∏–¥–µ–æ–î–ª—è–î–µ—Ç–µ–π #–ú—É–∑—ã–∫–∞–î–ª—è–î–µ—Ç–µ–π #–ü–æ—é—â–∏–µ–ñ–∏–≤–æ—Ç–Ω—ã–µ #–ó–∞–±–∞–≤–Ω—ã–µ–ó–≤–µ—Ä—é—à–∫–∏ #–ü–µ—Å–Ω–∏–ò–∑–ú—É–ª—å—Ç—Ñ–∏–ª—å–º–æ–≤ #–†–∞–¥–æ—Å—Ç–Ω—ã–µ–ú–µ–ª–æ–¥–∏–∏#–º—É–ª—å—Ç–∏–∫,2024-08-11 22:04:31+03:00,51398063-d2f6-4b3e-aa50-23ea79c6f9de,–î–µ—Ç—è–º
Legend of the Seeker - Darken Rahl - –Ø –æ–±—ä—è–≤–ª—è—é –≤–æ–π–Ω—É,–ö–ª–∏–ø —Å–¥–µ–ª–∞–Ω –≤ —è–Ω–≤–∞—Ä–µ 2014 –≥–æ–¥–∞ –¥–ª—è –∑–∏–º–Ω–µ–π —Ñ–∞–Ω–¥–æ–º–Ω–æ–π –±–∏—Ç–≤—ã –Ω–∞ –î–∞–π—Ä—è—Ö (–∫–æ–º–∞–Ω–¥–∞ –ú–µ—á–∞ –ò—Å—Ç–∏–Ω—ã).,2024-08-11 22:03:20+03:00,50a13157-62fb-4db8-a3ea-8103059d8966,–°–µ—Ä–∏–∞–ª—ã
–ó–ê–ö–†–´–¢–ò–ï –û–õ–ò–ú–ü–ò–ê–î–´ 2024 –í –ü–ê–†–ò–ñ–ï | CLOSURE OF THE 2024 OLYMPICS IN PARIS –ß–ê–°–¢–¨ 1,üéâ –ù–∞—Å –∂–¥–µ—Ç –≤–µ–ª–∏–∫–æ–ª–µ–ø–Ω–æ–µ –∑–∞–∫—Ä—ã—Ç–∏–µ –û–ª–∏–º–ø–∏–π—Å–∫–∏—Ö –∏–≥—Ä 2024 –≤ –ü–∞—Ä–∏–∂–µ! –ü—Ä–∏—Å–æ–µ–¥–∏–Ω—è–π—Ç–µ—Å—å –∫ —Ç–æ—Ä–∂–µ—Å—Ç–≤—É –∏ —ç–º–æ—Ü–∏–æ–Ω–∞–ª—å–Ω–æ–º—É –∑–∞–≤–µ—Ä—à–µ–Ω–∏—é —ç—Ç–æ–≥–æ —Å–ø–æ—Ä—Ç–∏–≤–Ω–æ–≥–æ –ø—Ä–∞–∑–¥–Ω–∏–∫–∞. –°–ª–µ–¥–∏—Ç–µ –∑–∞ –æ—Å–æ–±–µ–Ω–Ω—ã–º–∏ –º–æ–º–µ–Ω—Ç–∞–º–∏ –∏ –ø—Ä–æ—â–∞–π—Ç–µ—Å—å —Å —É—á–∞—Å—Ç–Ω–∏–∫–∞–º–∏ 11.08.2024. üèÖüéá  #–û–ª–∏–º–ø–∏–∞–¥–∞2024 #–ó–∞–∫—Ä—ã—Ç–∏–µ–û–ª–∏–º–ø–∏–∞–¥—ã #–ü–∞—Ä–∏–∂,2024-08-11 22:01:31+03:00,a70847b4-d11d-43c2-841b-5310586c6ec6,–°–ø–æ—Ä—Ç
–ò–∑–±–∞–≤–ª–µ–Ω–∏–µ [–†—É—Å—Å–∫–∏–π —Ç—Ä–µ–π–ª–µ—Ä —Å —Å—É–±—Ç–∏—Ç—Ä–∞–º–∏ 2024],"#–¢—Ä–µ–π–ª–µ—Ä –ò–∑–±–∞–≤–ª–µ–Ω–∏–µ (2024) / The Deliverance‚ù§  üëâ–ü–µ—Ä–µ–µ—Ö–∞–≤ –≤ –∑–∞–≥–∞–¥–æ—á–Ω—ã–π –¥–æ–º, –±–æ—Ä—é—â–∞—è—Å—è –º–∞—Ç—å –¥–æ–ª–∂–Ω–∞ —Å—Ä–∞–∑–∏—Ç—å—Å—è —Å–æ —Å–≤–æ–∏–º–∏ –¥–µ–º–æ–Ω–∞–º–∏, —á—Ç–æ–±—ã —Å–ø–∞—Å—Ç–∏ –¥—É—à–∏ —Å–≤–æ–∏—Ö –¥–µ—Ç–µ–π.–ú–∞—Ç—å –±–æ—Ä–µ—Ç—Å—è –∑–∞ —Å–≤–æ—é –∂–∏–∑–Ω—å, –≤–µ—Ä—É –∏ –¥—É—à–∏ —Å–≤–æ–∏—Ö –¥–µ—Ç–µ–π –ø–æ—Å–ª–µ —Ç–æ–≥–æ, –∫–∞–∫ –æ–±–Ω–∞—Ä—É–∂–∏–≤–∞–µ—Ç, —á—Ç–æ –≤ –∏—Ö –Ω–æ–≤–æ–º –¥–æ–º–µ –ø–æ—Å–µ–ª–∏–ª–∏—Å—å –¥–µ–º–æ–Ω—ã. üëâ–í –≥–ª–∞–≤–Ω—ã—Ö —Ä–æ–ª—è—Ö: –ê–Ω–¥—Ä–∞ –î—ç–π, –ì–ª–µ–Ω–Ω –ö–ª–æ—É–∑, –≠–Ω—Ç–æ–Ω–∏ –ë. –î–∂–µ–Ω–∫–∏–Ω—Å, –ö–∞–ª–µ–± –ú–∞–∫–ª–∞—Ñ–ª–∏–Ω, –î–µ–º–∏ –°–∏–Ω–≥–ª—Ç–æ–Ω, –û–Ω–∂–∞–Ω—é –≠–ª–ª–∏—Å, –ú–æ–Ω–∏–∫, –û–º–∞—Ä –≠–ø–ø—Å, –ú–∏—Å—Å –õ–æ—É—Ä–µ–Ω—Å, –î–∂–∞–≤–∏–æ–Ω –ê–ª–ª–µ–Ω. #–ò–∑–±–∞–≤–ª–µ–Ω–∏–µ #TheDeliverance #–¢—Ä–µ–π–ª–µ—Ä—ã #—É–∂–∞—Å—ã #—Ç—Ä–∏–ª–ª–µ—Ä  –ú—ã –≤ –í–ö –ú—ã –≤ —é—Ç—É–±–µ /@new_kinotrailers",2024-08-11 22:00:10+03:00,dd3167ba-741c-481f-83e5-2ff20c6ae2ed,–§–∏–ª—å–º—ã
G√∂rmeye Geldim üíó –¢—ã –†–æ–∑–æ–≤—ã–π –°–∞–¥,Mustafa Ceceli,2024-08-11 21:56:09+03:00,a9a31d2c-1457-4274-91ca-c1416ddf018b,–§–∏–ª—å–º—ã
"–ï–ü–ò–°–ö–û–ü –ò–û–°–ò–§, –ù–ê–ú–ï–°–¢–ù–ò–ö –û–ü–¢–ò–ù–û–ô –ü–£–°–¢–´–ù–ò –û –°–ù–ò–ñ–ï–ù–ò–ò –†–û–ñ–î–ê–ï–ú–û–°–¢–ò –í –ú–ò–†–ï",–í–µ–¥—É—â–∏–π –†–æ–º–∞–Ω –ì–æ–ª–æ–≤–∞–Ω–æ–≤ () –≤–º–µ—Å—Ç–µ —Å –≥–æ—Å—Ç—è–º–∏ –≥–æ–≤–æ—Ä–∏—Ç –æ —Å–∞–º—ã—Ö —Å–ª–æ–∂–Ω—ã—Ö –∏ –æ—Å—Ç—Ä—ã—Ö –≤–æ–ø—Ä–æ—Å–∞—Ö –Ω–∞—à–µ–π –¶–µ—Ä–∫–≤–∏. –ü–∏—à–∏—Ç–µ —Å–≤–æ—ë –º–Ω–µ–Ω–∏–µ –≤ –∫–æ–º–º–µ–Ω—Ç–∞—Ä–∏—è—Ö.,2024-08-11 21:55:21+03:00,ce33b1f7-ee9b-45ea-8201-bddd90b8919a,–†–∞–∑–Ω–æ–µ
–ú—É—Ñ–∞—Å–∞. –ö–æ—Ä–æ–ª—å –õ–µ–≤,–ö–æ—Ä–æ–ª—å –õ–µ–≤. –ú—É—Ñ–∞—Å–∞  —Ç—Ä–µ–π–ª–µ—Ä –ø–æ–ª–Ω—ã–π english,2024-08-11 21:53:20+03:00,9ff16885-7812-498a-b3c2-2b2d4e3f22fc,–§–∏–ª—å–º—ã
–°–ö–§–£ –Ω–∞ –§–µ—Å—Ç–∏–≤–∞–ª–µ –º–æ–ª–æ–¥–æ–≥–æ –º–Ω–æ–≥–æ–Ω–∞—Ü–∏–æ–Ω–∞–ª—å–Ω–æ–≥–æ –∏—Å–∫—É—Å—Å—Ç–≤–∞ ¬´–¢–∞–≤—Ä–∏–¥–∞.–ê–†–¢¬ª,"–î–æ—Ä–æ–≥–∏–µ –¥—Ä—É–∑—å—è! –í –ö—Ä—ã–º—É –ø—Ä–æ—Ö–æ–¥–∏—Ç –§–µ—Å—Ç–∏–≤–∞–ª—å –º–æ–ª–æ–¥–æ–≥–æ –º–Ω–æ–≥–æ–Ω–∞—Ü–∏–æ–Ω–∞–ª—å–Ω–æ–≥–æ –∏—Å–∫—É—Å—Å—Ç–≤–∞ ¬´–¢–∞–≤—Ä–∏–¥–∞.–ê–†–¢¬ª. –ü–ª–æ—â–∞–¥–∫–∞ –Ω–∞—à–µ–≥–æ —É–Ω–∏–≤–µ—Ä—Å–∏—Ç–µ—Ç–∞ ¬´–ö—Ä–µ–∞—Ç–∏–≤–Ω—ã–π –ö–∞–≤–∫–∞–∑¬ª ‚Äì —Å—Ç–∞–ª–∞ —Å–∞–º–æ–π –º–∞—Å—à—Ç–∞–±–Ω–æ–π –Ω–∞ —Ñ–µ—Å—Ç–∏–≤–∞–ª–µ. –í –Ω–µ–π –æ—Ç—Ä–∞–∂–µ–Ω–∞ —É–Ω–∏–∫–∞–ª—å–Ω–∞—è –∞—Ç–º–æ—Å—Ñ–µ—Ä–∞ –∫–∞–≤–∫–∞–∑—Å–∫–æ–≥–æ –≥–æ—Å—Ç–µ–ø—Ä–∏–∏–º—Å—Ç–≤–∞ –∏ –∫—É–ª—å—Ç—É—Ä—ã –Ω–∞—Ä–æ–¥–æ–≤ –ö–∞–≤–∫–∞–∑–∞.  –ù–∞—à —É–Ω–∏–≤–µ—Ä—Å–∏—Ç–µ—Ç –ø–æ–¥–≥–æ—Ç–æ–≤–∏–ª –¥–ª—è –≥–æ—Å—Ç–µ–π –º–∞–∫—Å–∏–º–∞–ª—å–Ω–æ –Ω–∞—Å—ã—â–µ–Ω–Ω—É—é –∫—É–ª—å—Ç—É—Ä–Ω—É—é –∏ —Ä–∞–∑–≤–ª–µ–∫–∞—Ç–µ–ª—å–Ω—É—é –ø—Ä–æ–≥—Ä–∞–º–º—É. –ü–æ—Å–µ—Ç–∏—Ç–µ–ª–∏ –ø–æ–ø—Ä–æ–±–æ–≤–∞–ª–∏ –Ω–∞—Ü–∏–æ–Ω–∞–ª—å–Ω—ã–µ —É–≥–æ—â–µ–Ω–∏—è, –ø—Ä–æ—à–ª–∏ –º–∞—Å—Ç–µ—Ä-–∫–ª–∞—Å—Å –ø–æ –∫–∞–≤–∫–∞–∑—Å–∫–∏–º —Ç–∞–Ω—Ü–∞–º –∏ —Å–æ–ø—Ä–∏–∫–æ—Å–Ω—É–ª–∏—Å—å —Å –Ω–µ–ø–æ–≤—Ç–æ—Ä–∏–º—ã–º –º–Ω–æ–≥–æ–æ–±—Ä–∞–∑–∏–µ–º –Ω–∞—à–µ–≥–æ –∫—É–ª—å—Ç—É—Ä–Ω–æ–≥–æ –ø—Ä–æ—Å—Ç—Ä–∞–Ω—Å—Ç–≤–∞. –û—Ç–º–µ—Ç–∏–º, —á—Ç–æ –Ω–∞ —Å–µ–≥–æ–¥–Ω—è—à–Ω–∏–π –¥–µ–Ω—å –∫—Ä–µ–∞—Ç–∏–≤–Ω–æ–µ —Ç–≤–æ—Ä—á–µ—Å—Ç–≤–æ —è–≤–ª—è–µ—Ç—Å—è –æ–¥–Ω–∏–º –∏–∑ –¥—Ä–∞–π–≤–µ—Ä–æ–≤ —Ä–µ–∞–ª–∏–∑–∞—Ü–∏–∏ –º–æ–ª–æ–¥—ë–∂–Ω–æ–π –∫—É–ª—å—Ç—É—Ä—ã –Ω–∞—à–µ–π —Å—Ç—Ä–∞–Ω—ã. –ü–ª–æ—â–∞–¥–∫–∞ —Å—Ç–∞–ª–∞ —Ç–æ—á–∫–æ–π –ø—Ä–∏—Ç—è–∂–µ–Ω–∏—è —É—á–∞—Å—Ç–Ω–∏–∫–æ–≤ —Ñ–µ—Å—Ç–∏–≤–∞–ª—è, –≥–¥–µ –∫–∞–∂–¥—ã–π —Å–º–æ–∂–µ—Ç –Ω–∞—Å–ª–∞–¥–∏—Ç—å—Å—è –∫–∞–≤–∫–∞–∑—Å–∫–∏–º –≥–æ—Å—Ç–µ–ø—Ä–∏–∏–º—Å—Ç–≤–æ–º. –í—Å–µ–≥–¥–∞ —Å —Ç–æ–±–æ–π, —Ç–≤–æ–π –ª—é–±–∏–º—ã–π –°–ö–§–£‚ù§",2024-08-11 21:52:02+03:00,42543c42-02be-4175-ab62-3c26ce972ea3,–õ–∞–π—Ñ—Å—Ç–∞–π–ª
–Ω–∞–∑–≤–∞–Ω–∏–µ –¥–æ—Ä–∞–º—ã –•–≤–∞—Ç–∞–π –°–æ–Ω –î–∂—ç –∏ –±–µ–≥–∏!,"–û–ø–∏—Å–∞–Ω–∏–µ  –ò–º –°–æ–ª—å, —Ñ–∞–Ω–∞—Ç–∫–∞ –ø–æ–ø—É–ª—è—Ä–Ω–æ–≥–æ –∞–∫—Ç—ë—Ä–∞ –†—é –°–æ–Ω –ß–∂—ç, —É–∑–Ω–∞—ë—Ç, —á—Ç–æ –µ—ë –∫—É–º–∏—Ä –ø–æ–∫–æ–Ω—á–∏–ª —Å —Å–æ–±–æ–π, –∏ –Ω–µ–≤–µ—Ä–æ—è—Ç–Ω—ã–º –æ–±—Ä–∞–∑–æ–º –ø–µ—Ä–µ–Ω–æ—Å–∏—Ç—Å—è –Ω–∞ 15 –ª–µ—Ç –Ω–∞–∑–∞–¥. –¢–∞–º –¥–µ–≤—É—à–∫–∞ –≤—Å—Ç—Ä–µ—á–∞–µ—Ç —Å—Ç–∞—Ä—à–µ–∫–ª–∞—Å—Å–Ω–∏–∫–∞ –°–æ –ß–∂—ç –∏ —Ä–µ—à–∞–µ—Ç —Å–¥–µ–ª–∞—Ç—å –≤—Å—ë –≤–æ–∑–º–æ–∂–Ω–æ–µ, —á—Ç–æ–±—ã –ø—Ä–µ–¥–æ—Ç–≤—Ä–∞—Ç–∏—Ç—å —Ç—Ä–∞–≥–µ–¥–∏—é.",2024-08-11 21:50:30+03:00,763a7ab3-1784-480f-a083-347c602a19cc,–°–µ—Ä–∏–∞–ª—ã
Adrian x Marinette -  Silent Moon,,2024-08-11 21:49:43+03:00,7de12c2c-c2d9-4eb5-a2d9-849f551db464,–ú—É–ª—å—Ç—Ñ–∏–ª—å–º—ã
skibidi toilet 6,—ç–ø–∏–∑–æ–¥ 6,2024-08-11 21:48:34+03:00,5d0b362d-cc2f-4ca1-a478-e7429c502859,–§–∏–ª—å–º—ã
VID-20240812-WA0010.mp4,–ü–µ—Ä–µ–≤–æ–ø–ª–æ—â–µ–Ω–∏–µ,2024-08-11 21:44:54+03:00,e0774809-431b-4c19-9826-03cf684d82ba,–§–∏–ª—å–º—ã
"–Ω–∞–∑–≤–∞–Ω–∏–µ –¥–æ—Ä–∞–º—ã –ù–µ –∑–∞–±—ã–≤–∞–π ,—á—Ç–æ —è –ª—é–±–ª—é —Ç–µ–±—è","–û–ø–∏—Å–∞–Ω–∏–µ –¥–æ—Ä–∞–º—ã  –õ—É –Ø–æ –º–æ–ª–æ–¥–æ–π –º—É–∑—ã–∫–∞–Ω—Ç, –∫–æ—Ç–æ—Ä—ã–π –±–æ–ª–µ–Ω —Ç—è–∂–µ–ª—ã–º –∑–∞–±–æ–ª–µ–≤–∞–Ω–∏—è–º, —Å–≤—è–∑–∞–Ω–Ω—ã–º —Å –ø–æ—Ç–µ—Ä–µ–π –ø–∞–º—è—Ç–∏. –ú–æ–∑–≥ —é–Ω–æ—à–∏ –æ—Ç–∫–∞–∑—ã–≤–∞–µ—Ç—Å—è –∑–∞–ø–æ–º–∏–Ω–∞—Ç—å –ø—Ä–æ–∂–∏—Ç—ã–µ –∏–º –¥–Ω–∏: –æ–Ω –Ω–µ –ø–æ–º–Ω–∏—Ç —Å–æ–±—Å—Ç–≤–µ–Ω–Ω–æ–π –æ–ø–µ—Ä–∞—Ü–∏–∏, –Ω–µ –ø–æ–º–Ω–∏—Ç –Ω–∞–ª–∏—á–∏–µ –±–æ–ª–µ–∑–Ω–∏. –í—Ä–∞—á –õ—É –Ø–æ –ø—Ä–µ–¥–ª–∞–≥–∞–µ—Ç —Å—Ç–∞—Ç—å —É—á–∞—Å—Ç–Ω–∏–∫–æ–º –≤ –∏—Å—Å–ª–µ–¥–æ–≤–∞–Ω–∏–∏ –ø–æ —Å—Ç–∏–º—É–ª—è—Ü–∏–∏ –ø–∞–º—è—Ç–∏. –û–Ω –∑–Ω–∞–∫–æ–º–∏—Ç—Å—è —Å–æ —Å–≤–æ–∏–º –ø—Å–∏—Ö–æ—Ç–µ—Ä–∞–ø–µ–≤—Ç–æ–º ‚Äì –º–∏–ª–æ–π –∏ –æ–±–∞—è—Ç–µ–ª—å–Ω–æ–π –¥–µ–≤—É—à–∫–æ–π –°—é–π –°–∏–Ω—ä—é—ç, –∫–æ—Ç–æ—Ä–∞—è —Ç–∞–∫–∂–µ —è–≤–ª—è–µ—Ç—Å—è –æ—Ç–≤–µ—Ç—Å—Ç–≤–µ–Ω–Ω–æ–π –∑–∞ –ø—Ä–æ–≤–µ–¥–µ–Ω–∏–µ –¥–∞–Ω–Ω–æ–≥–æ —ç–∫—Å–ø–µ—Ä–∏–º–µ–Ω—Ç–∞. –ü—Ä–æ–≤–æ–¥—è –±–æ–ª—å—à–æ–µ –∫–æ–ª–∏—á–µ—Å—Ç–≤–æ –≤—Ä–µ–º–µ–Ω–∏ –≤–º–µ—Å—Ç–µ, –õ—É –Ø–æ –Ω–∞—á–∏–Ω–∞–µ—Ç –ø–∏—Ç–∞—Ç—å –∫ –≤—Ä–∞—á—É –æ—á–µ–Ω—å –Ω–µ–∂–Ω—ã–µ –∏ —Ç–µ–ø–ª—ã–µ —á—É–≤—Å—Ç–≤–∞. –ö —á–µ–º—É –ø—Ä–∏–≤–µ–¥—É—Ç —ç—Ç–∏ –æ—Ç–Ω–æ—à–µ–Ω–∏—è? –°–º–æ–∂–µ—Ç –ª–∏ —é–Ω–æ—à–∞ —Å–ø—Ä–∞–≤–∏—Ç—å—Å—è —Å–æ —Å–≤–æ–µ–π –±–æ–ª–µ–∑–Ω—å—é? –£–∑–Ω–∞–µ—Ç–µ –≤ –¥–æ—Ä–∞–º–µ ¬´–ù–µ –∑–∞–±—ã–≤–∞–π, —á—Ç–æ —è –ª—é–±–ª—é —Ç–µ–±—è¬ª",2024-08-11 21:44:13+03:00,4133b9fa-e93e-48de-b7f3-e988781c5adc,–°–µ—Ä–∏–∞–ª—ã
Baa Baa Colorful Sheep _ Colors Song For Kids _ Kids Songs _ Baby Zo Zo Nursery Rhymes,,2024-08-11 21:43:34+03:00,0ddf47f0-f117-4841-a1b5-837c005c8f47,–î–µ—Ç—è–º
–î–µ—Ç—Å–∫–∞—è –ø–µ—Å–Ω—è l –ü–µ—Å–Ω–∏ –¥–ª—è –¥–µ—Ç–µ–π l –ü—Ä–æ –°–µ—Ä–µ–∂—É l –°–µ—Ä—ë–∂–∞ l –ú—É–∑—ã–∫–∞ –¥–ª—è –º–∞–ª—ã—à–µ–π!,"–° –Ω–∞–º–∏ –≤—Å–µ–≥–¥–∞ –∏–Ω—Ç–µ—Ä–µ—Å–Ω–æ –∏ –≤–µ—Å–µ–ª–æ! –ü–æ–π—Ç–µ –≤–º–µ—Å—Ç–µ —Å –ª—é–±–∏–º—ã–º–∏ –≥–µ—Ä–æ—è–º–∏ –∏ –Ω–∞—Å–ª–∞–∂–¥–∞–π—Ç–µ—Å—å –∫—Ä–∞—Å–æ—á–Ω—ã–º–∏ –º—É–ª—å—Ç—Ñ–∏–ª—å–º–∞–º–∏. –ù–∞—à –∫–∞–Ω–∞–ª ‚Äî —ç—Ç–æ –º–µ—Å—Ç–æ, –≥–¥–µ –º–µ—á—Ç—ã –æ–∂–∏–≤–∞—é—Ç, –∞ —Ñ–∞–Ω—Ç–∞–∑–∏–∏ —Å—Ç–∞–Ω–æ–≤—è—Ç—Å—è —Ä–µ–∞–ª—å–Ω–æ—Å—Ç—å—é     –¢–µ–≥–∏ –∫–∞–Ω–∞–ª–∞: –¥–µ—Ç—Å–∫–∏–µ –ø–µ—Å–Ω–∏, –¥–µ—Ç—Å–∫–∏–µ –ø–µ—Å–Ω–∏ —Å–ª—É—à–∞—Ç—å, —Å–ª—É—à–∞—é—â–∏–π –¥–µ—Ç—Å–∫–∏–µ –ø–µ—Å–Ω–∏, –¥–µ—Ç—Å–∫–∏–µ –ø–µ—Å–Ω—å —Å–ª—É—à–∞—Ç—å, –¥–µ—Ç—Å–∫–∏–µ –ø–µ—Å–Ω–∏ –ø—Ä–æ, —Å–∫–∞—á–∞—Ç—å –¥–µ—Ç—Å–∫–∏–µ –ø–µ—Å–Ω–∏, –¥–µ—Ç—Å–∫–∏–µ –ø–µ—Å–Ω–∏ –±–µ—Å–ø–ª–∞—Ç–Ω–æ,–¥–µ—Ç—Å–∫–∏–µ –ø–µ—Å–Ω–∏ –æ–Ω–ª–∞–π–Ω,–¥–µ—Ç—Å–∫–∏–µ –ø–µ—Å–Ω–∏ —Å–ª—É—à–∞—Ç—å –æ–Ω–ª–∞–π–Ω, –¥–µ—Ç—Å–∫–∏–µ –ø–µ—Å–Ω—å —Å–ª—É—à–∞—Ç—å –æ–Ω–ª–∞–π–Ω, –¥–µ—Ç—Å–∫–∏–µ –ø–µ—Å–Ω–∏ —Å–ª—É—à–∞—Ç—å –±–µ—Å–ø–ª–∞—Ç–Ω–æ, –¥–µ—Ç—Å–∫–∏–µ –ø–µ—Å–Ω–∏ –æ–Ω–ª–∞–π–Ω –±–µ—Å–ø–ª–∞—Ç–Ω–æ, –¥–µ—Ç—Å–∫–∏–µ –ø–µ—Å–Ω–∏ —Å–ª—É—à–∞—Ç—å –æ–Ω–ª–∞–π–Ω –±–µ—Å–ø–ª–∞—Ç–Ω–æ, —Å–∫–∞—á–∞—Ç—å –¥–µ—Ç—Å–∫–∏–π –ø–µ—Å–Ω—å, –≤–µ—Å–µ–ª—ã–µ –¥–µ—Ç—Å–∫–∏–µ –ø–µ—Å–Ω–∏, –ø–µ—Å–Ω–∏ –¥–µ—Ç—Å–∫–æ–≥–æ —Å–∞–¥–∞, –¥–µ—Ç—Å–∫–∏–µ –ø–µ—Å–Ω–∏ —Å –¥–Ω–µ–º, –¥–µ—Ç—Å–∫–∏–µ –ø–µ—Å–Ω–∏ —Å —Ä–æ–∂–¥–µ–Ω–∏—è, –¥–µ—Ç—Å–∫–∏–µ –ø–µ—Å–Ω–∏ —Å –¥–Ω–µ–º —Ä–æ–∂–¥–µ–Ω–∏—è, –¥–µ—Ç—Å–∫–∏–µ –ø–µ—Å–Ω–∏ –¥–ª—è –º–∞–ª—ã—à–µ–π, —Å–æ–≤—Ä–µ–º–µ–Ω–Ω—ã–µ –¥–µ—Ç—Å–∫–∏–µ –ø–µ—Å–Ω–∏, –¥–µ—Ç—Å–∫–∏–µ –ø–µ—Å–Ω–∏ —Å–∫–∞—á–∞—Ç—å –±–µ—Å–ø–ª–∞—Ç–Ω–æ,—Å–æ–≤–µ—Ç—Å–∫–∏–µ –¥–µ—Ç—Å–∫–∏–µ –ø–µ—Å–Ω–∏, –¥–µ—Ç—Å–∫–∏–µ –ø–µ—Å–Ω–∏ –∏–∑ –º—É–ª—å—Ç—Ñ–∏–ª—å–º–æ–≤, –¥–µ—Ç—Å–∫–∏–µ –ø–µ—Å–Ω–∏ —Ç–µ–∫—Å—Ç, –ª—É—á—à–∏–µ –¥–µ—Ç—Å–∫–∏–µ –ø–µ—Å–Ω–∏, –ø–µ—Å–Ω—é –ª–µ—Ç—É –¥–µ—Ç—Å–∫–∞—è, –¥–µ—Ç—Å–∫–∏–µ –∞–Ω—Å–∞–º–±–ª–∏ –ø–µ—Å–Ω–∏, –¥–µ—Ç—Å–∫–∏–µ –ø–µ—Å–Ω–∏ –¥–ª—è –¥–µ—Ç–µ–π, —Å–±–æ—Ä–Ω–∏–∫ –¥–µ—Ç—Å–∫–∏—Ö –ø–µ—Å–µ–Ω, —Å–∫–∞—á–∞—Ç—å –¥–µ—Ç—Å–∫–∏–µ –ø–µ—Å–Ω–∏ –ø—Ä–æ, –ª—É—á—à–∏–µ –¥–µ—Ç—Å–∫–∏–µ –ø–µ—Å–Ω–∏ –±–µ—Å–ø–ª–∞—Ç–Ω–æ ,—Å–∫–∞—á–∞—Ç—å –¥–µ—Ç—Å–∫—É—é –ø–µ—Å–Ω—é –¥–µ–Ω—å",2024-08-11 21:42:40+03:00,224ebfd8-abcb-47ce-867d-e31c9ea87bea,–î–µ—Ç—è–º
–Ω–∞–∑–≤–∞–Ω–∏–µ –¥–æ—Ä–∞–º—ã –•–≤–∞—Ç–∞–π –°–æ–Ω –î–∂–µ –∏ –±–µ–≥–∏,"–û–ø–∏—Å–∞–Ω–∏–µ  –ò–º –°–æ–ª—å, —Ñ–∞–Ω–∞—Ç–∫–∞ –ø–æ–ø—É–ª—è—Ä–Ω–æ–≥–æ –∞–∫—Ç—ë—Ä–∞ –†—é –°–æ–Ω –ß–∂—ç, —É–∑–Ω–∞—ë—Ç, —á—Ç–æ –µ—ë –∫—É–º–∏—Ä –ø–æ–∫–æ–Ω—á–∏–ª —Å —Å–æ–±–æ–π, –∏ –Ω–µ–≤–µ—Ä–æ—è—Ç–Ω—ã–º –æ–±—Ä–∞–∑–æ–º –ø–µ—Ä–µ–Ω–æ—Å–∏—Ç—Å—è –Ω–∞ 15 –ª–µ—Ç –Ω–∞–∑–∞–¥. –¢–∞–º –¥–µ–≤—É—à–∫–∞ –≤—Å—Ç—Ä–µ—á–∞–µ—Ç —Å—Ç–∞—Ä—à–µ–∫–ª–∞—Å—Å–Ω–∏–∫–∞ –°–æ –ß–∂—ç –∏ —Ä–µ—à–∞–µ—Ç —Å–¥–µ–ª–∞—Ç—å –≤—Å—ë –≤–æ–∑–º–æ–∂–Ω–æ–µ, —á—Ç–æ–±—ã –ø—Ä–µ–¥–æ—Ç–≤—Ä–∞—Ç–∏—Ç—å —Ç—Ä–∞–≥–µ–¥–∏—é.",2024-08-11 21:42:21+03:00,22c62315-80ea-4c50-9e01-0822499d8530,–°–µ—Ä–∏–∞–ª—ã
Wheels on the Bus _ @CoComelon Nursery Rhymes & Kids Songs,,2024-08-11 21:41:54+03:00,ff0fc738-a0f2-4e36-8fdc-4760d56e33ee,–†–∞–∑–Ω–æ–µ
–î–µ—Å—è—Ç–æ–µ –∫–æ—Ä–æ–ª–µ–≤—Å—Ç–≤–æ - –ó–∞—Å—Ç–∞–≤–∫–∞ (Remastered CGI 8K),"–ú–æ–π Boosty (–°–∫–∞—á–∞—Ç—å –±–µ–∑ –≤–æ–¥—è–Ω–æ–≥–æ –∑–Ω–∞–∫–∞) Patreon (–°–∫–∞—á–∞—Ç—å –±–µ–∑ –≤–æ–¥—è–Ω–æ–≥–æ –∑–Ω–∞–∫–∞) ___________________________________________________________________________ –°—Å—ã–ª–∫–∞ –Ω–∞ –≤–∏–¥–µ–æ —Å —Ä–∞–∑—Ä–µ—à–µ–Ω–∏–µ–º 8K (Youtube) -NeZ6l00Fk  –†–∞–∑—Ä–µ—à–µ–Ω–∏–µ —É–≤–µ–ª–∏—á–µ–Ω–æ —Å 1280√ó720 –¥–æ 3840√ó2160 (–í—ã—à–µ –Ω–µ–ª—å–∑—è, —ç—Ç–∞ –º–∞–∫—Å–∏–º–∞–ª—å–Ω–æ–µ —Ä–∞–∑—Ä–µ—à–µ–Ω–∏–µ –≤ –í–∫–æ–Ω—Ç–∞–∫—Ç–µ)  –î–µ—Å—è—Ç–æ–µ –∫–æ—Ä–æ–ª–µ–≤—Å—Ç–≤–æ ‚Äî –∞–º–µ—Ä–∏–∫–∞–Ω—Å–∫–∏–π —Å–∫–∞–∑–æ—á–Ω—ã–π —Ñ—ç–Ω—Ç–µ–∑–∏–π–Ω—ã–π –º–∏–Ω–∏-—Å–µ—Ä–∏–∞–ª, –Ω–∞–ø–∏—Å–∞–Ω–Ω—ã–π –°–∞–π–º–æ–Ω–æ–º –ú—É—Ä–æ–º –∏ —Å–ø—Ä–æ–¥—é—Å–∏—Ä–æ–≤–∞–Ω–Ω—ã–π –±—Ä–∏—Ç–∞–Ω—Å–∫–æ–π Carnival Films, –Ω–µ–º–µ—Ü–∫–æ–π Babelsberg Film und Fernsehen –∏ –∞–º–µ—Ä–∏–∫–∞–Ω—Å–∫–æ–π Hallmark Entertainment. –í –Ω–µ–º —Ä–∞—Å—Å–∫–∞–∑—ã–≤–∞–µ—Ç—Å—è –æ –ø—Ä–∏–∫–ª—é—á–µ–Ω–∏—è—Ö –º–æ–ª–æ–¥–æ–π –∂–µ–Ω—â–∏–Ω—ã –∏ –µ–µ –æ—Ç—Ü–∞ –ø–æ—Å–ª–µ —Ç–æ–≥–æ, –∫–∞–∫ –æ–Ω–∏ –ø–µ—Ä–µ–Ω–æ—Å—è—Ç—Å—è –∏–∑ –ù—å—é-–ô–æ—Ä–∫–∞ —á–µ—Ä–µ–∑ –≤–æ–ª—à–µ–±–Ω–æ–µ –∑–µ—Ä–∫–∞–ª–æ –≤ –ø–∞—Ä–∞–ª–ª–µ–ª—å–Ω—ã–π –º–∏—Ä —Å–∫–∞–∑–æ–∫. –ü–µ—Ä–≤–æ–Ω–∞—á–∞–ª—å–Ω–æ –º–∏–Ω–∏-—Å–µ—Ä–∏–∞–ª —Ç—Ä–∞–Ω—Å–ª–∏—Ä–æ–≤–∞–ª—Å—è –≤ —Ç–µ—á–µ–Ω–∏–µ –ø—è—Ç–∏ –Ω–æ—á–µ–π –¥–≤—É—Ö—á–∞—Å–æ–≤—ã–º–∏ —ç–ø–∏–∑–æ–¥–∞–º–∏, –∫–∞–∂–¥—ã–π –∏–∑ –∫–æ—Ç–æ—Ä—ã—Ö –≤—ã—Ö–æ–¥–∏–ª –≤ —ç—Ñ–∏—Ä –µ–∂–µ–Ω–µ–¥–µ–ª—å–Ω–æ, –Ω–∞ –∫–∞–Ω–∞–ª–µ NBC, –Ω–∞—á–∏–Ω–∞—è —Å 27 —Ñ–µ–≤—Ä–∞–ª—è 2000 –≥–æ–¥–∞ –∏ –∑–∞–∫–∞–Ω—á–∏–≤–∞—è 6 –º–∞—Ä—Ç–∞ —Ç–æ–≥–æ –∂–µ –≥–æ–¥–∞. –û–Ω –≤—ã–∏–≥—Ä–∞–ª –ø—Ä–µ–º–∏—é ¬´–≠–º–º–∏¬ª –∑–∞ –≤—ã–¥–∞—é—â–∏–π—Å—è –¥–∏–∑–∞–π–Ω –æ—Å–Ω–æ–≤–Ω—ã—Ö —Ç–∏—Ç—Ä–æ–≤ –≤ 2000 –≥–æ–¥—É. –ü—Ä–µ–º—å–µ—Ä—É –ø–æ—Å–º–æ—Ç—Ä–µ–ª–∏ –±–æ–ª–µ–µ 14,04 –º–∏–ª–ª–∏–æ–Ω–æ–≤ –∑—Ä–∏—Ç–µ–ª–µ–π.  #The10thKingdom #tenthkingdom #10thKingdom",2024-08-11 21:38:59+03:00,8d89ef9f-c836-4d4b-b885-83b72f654214,–§–∏–ª—å–º—ã
–Ω–∞–∑–≤–∞–Ω–∏–µ –î–æ—Ä–∞–º–∞:—è –Ω–∏—á–µ–≥–æ –Ω–µ —Ö–æ—á—É –¥–µ–ª–∞—Ç—å,"–û–ø–∏—Å–∞–Ω–∏–µ –¥–æ—Ä–∞–º—ã  –í –∂–∏–∑–Ω–∏ –º–æ–ª–æ–¥–æ–π –¥–µ–≤—É—à–∫–∏ –õ–∏ –Å –†—ã–º –Ω–∞—Å—Ç–∞–ª —Ç—è–∂–µ–ª—ã–π –ø–µ—Ä–∏–æ–¥: –Ω–∞ —Ä–∞–±–æ—Ç–µ —Å–ø–ª–æ—à–Ω—ã–µ —Ä–∞–∑–æ—á–∞—Ä–æ–≤–∞–Ω–∏—è, –µ–µ –±—Ä–æ—Å–∞–µ—Ç –ø–∞—Ä–µ–Ω—å, –∞ –æ–¥–Ω–∞–∂–¥—ã –Ω–æ—á—å—é —Ä–∞–∑–¥–∞–µ—Ç—Å—è —Ç—Ä–µ–≤–æ–∂–Ω—ã–π –∑–≤–æ–Ω–æ–∫, –∏ –≥–ª–∞–≤–Ω–∞—è –≥–µ—Ä–æ–∏–Ω—è —É–∑–Ω–∞–µ—Ç, —á—Ç–æ –µ–µ –º–∞–º–∞ —É–º–µ—Ä–ª–∞. –ü—Ä–µ–±—ã–≤–∞—è –≤ –¥–µ–ø—Ä–µ—Å—Å–∏–∏, –õ–∏ –Å –†—ã–º –±—Ä–æ—Å–∞–µ—Ç —Ä–∞–±–æ—Ç—É –∏ —É–µ–∑–∂–∞–µ—Ç —Å —Ä–æ–¥–Ω–æ–≥–æ –≥–æ—Ä–æ–¥–∞ –≤ –≥–ª—É—Ö—É—é –¥–µ—Ä–µ–≤—É—à–∫—É, –≥–¥–µ –∑–Ω–∞–∫–æ–º–∏—Ç—Å—è —Å–æ —Å—Ç—Ä–∞–Ω–Ω—ã–º –±–∏–±–ª–∏–æ—Ç–µ–∫–∞—Ä–µ–º –î—ç –ë–æ–∫–æ–º. –í —Å–ø–æ–∫–æ–π–Ω–æ–π –æ–±—Å—Ç–∞–Ω–æ–≤–∫–µ –∏ –≤ –∫–æ–º–ø–∞–Ω–∏–∏ –º–æ–ª—á–∞–ª–∏–≤–æ–≥–æ –ø–∞—Ä–Ω—è —É –Ω–µ–µ –ø–æ–ª—É—á–∞–µ—Ç—Å—è –Ω–∞ –≤—Ä–µ–º—è –∑–∞–±—ã—Ç—å—Å—è –∏ –∑–∞–∂–∏—Ç—å –Ω–æ–≤–æ–π –∂–∏–∑–Ω—å—é. –¢–æ–ª—å–∫–æ –Ω–µ –≤—Å–µ–º –∂–∏—Ç–µ–ª—è–º –¥–µ—Ä–µ–≤–Ω–∏ –ø—Ä–∏—à–ª–∞—Å—å –ø–æ –Ω—Ä–∞–≤—É –¥–µ–≤—É—à–∫–∞, –∏ –≤—Å–∫–æ—Ä–µ –æ–Ω–∞ —Å—Ç–∞–ª–∫–∏–≤–∞–µ—Ç—Å—è —Å –Ω–æ–≤—ã–º–∏ –ø—Ä–æ–±–ª–µ–º–∞–º–∏.",2024-08-11 21:38:52+03:00,99c30952-fd48-4413-8307-74627d4e790c,–°–µ—Ä–∏–∞–ª—ã
–ü–æ–¥–±–æ—Ä–∫–∞ –º—É–ª—å—Ç—Ñ–∏–ª—å–º–æ–≤ ¬´2-—è 10-–∫–∞¬ª,"–ó–¥—Ä–∞–≤—Å—Ç–≤—É–π—Ç–µ, –¥–æ—Ä–æ–≥–∏–µ –¥—Ä—É–∑—å—è. 1. –£—Ç–∏–Ω—ã–µ –∏—Å—Ç–æ—Ä–∏–∏ 2. –ß–µ—Ä–µ–ø–∞—à–∫–∏-–Ω–∏–Ω–¥–∑—è 3. –¢–∏–º–æ–Ω –∏ –ü—É–º–±–∞ 4. –ê–ª–ª–∞–¥–∏–Ω 5. –ü—Ä–∏–∫–ª—é—á–µ–Ω–∏—è –º–∏—à–µ–∫ –ì–∞–º–º–∏ 6. –ì—É–±–∫–∞ –ë–æ–± –ö–≤–∞–¥—Ä–∞—Ç–Ω—ã–µ –®—Ç–∞–Ω—ã 7. –ß–µ—Ä–Ω—ã–π –ü–ª–∞—â 8. –ß–∏–ø –∏ –î–µ–π–ª —Å–ø–µ—à–∞—Ç –Ω–∞ –ø–æ–º–æ—â—å 9. –ß—É–¥–µ—Å–∞ –Ω–∞ –≤–∏—Ä–∞–∂–∞—Ö 10. –ö–æ—Ç–æ–ø–µ—Å  –ü—Ä–∏—è—Ç–Ω–æ–≥–æ –ø—Ä–æ—Å–º–æ—Ç—Ä–∞. –ñ–µ–ª–∞—é –≤–∞–º —Ö–æ—Ä–æ—à–µ–≥–æ –Ω–∞—Å—Ç—Ä–æ–µ–Ω–∏—è!",2024-08-11 21:38:38+03:00,7a10f9a0-7b27-4c12-a55a-4379c443de3f,–ú—É–ª—å—Ç—Ñ–∏–ª—å–º—ã
–î–µ—Ç—Å–∫–∞—è –ø–µ—Å–Ω—è l –ü–µ—Å–Ω–∏ –¥–ª—è –¥–µ—Ç–µ–π l –û –ú–∞–º–µ l –ì–¥–µ –∂–µ –º–∞–º–∞ l  –ú—É–∑—ã–∫–∞ –¥–ª—è –º–∞–ª—ã—à–µ–π!,"–° –Ω–∞–º–∏ –≤—Å–µ–≥–¥–∞ –∏–Ω—Ç–µ—Ä–µ—Å–Ω–æ –∏ –≤–µ—Å–µ–ª–æ! –ü–æ–π—Ç–µ –≤–º–µ—Å—Ç–µ —Å –ª—é–±–∏–º—ã–º–∏ –≥–µ—Ä–æ—è–º–∏ –∏ –Ω–∞—Å–ª–∞–∂–¥–∞–π—Ç–µ—Å—å –∫—Ä–∞—Å–æ—á–Ω—ã–º–∏ –º—É–ª—å—Ç—Ñ–∏–ª—å–º–∞–º–∏. –ù–∞—à –∫–∞–Ω–∞–ª ‚Äî —ç—Ç–æ –º–µ—Å—Ç–æ, –≥–¥–µ –º–µ—á—Ç—ã –æ–∂–∏–≤–∞—é—Ç, –∞ —Ñ–∞–Ω—Ç–∞–∑–∏–∏ —Å—Ç–∞–Ω–æ–≤—è—Ç—Å—è —Ä–µ–∞–ª—å–Ω–æ—Å—Ç—å—é     –¢–µ–≥–∏ –∫–∞–Ω–∞–ª–∞: –¥–µ—Ç—Å–∫–∏–µ –ø–µ—Å–Ω–∏, –¥–µ—Ç—Å–∫–∏–µ –ø–µ—Å–Ω–∏ —Å–ª—É—à–∞—Ç—å, —Å–ª—É—à–∞—é—â–∏–π –¥–µ—Ç—Å–∫–∏–µ –ø–µ—Å–Ω–∏, –¥–µ—Ç—Å–∫–∏–µ –ø–µ—Å–Ω—å —Å–ª—É—à–∞—Ç—å, –¥–µ—Ç—Å–∫–∏–µ –ø–µ—Å–Ω–∏ –ø—Ä–æ, —Å–∫–∞—á–∞—Ç—å –¥–µ—Ç—Å–∫–∏–µ –ø–µ—Å–Ω–∏, –¥–µ—Ç—Å–∫–∏–µ –ø–µ—Å–Ω–∏ –±–µ—Å–ø–ª–∞—Ç–Ω–æ,–¥–µ—Ç—Å–∫–∏–µ –ø–µ—Å–Ω–∏ –æ–Ω–ª–∞–π–Ω,–¥–µ—Ç—Å–∫–∏–µ –ø–µ—Å–Ω–∏ —Å–ª—É—à–∞—Ç—å –æ–Ω–ª–∞–π–Ω, –¥–µ—Ç—Å–∫–∏–µ –ø–µ—Å–Ω—å —Å–ª—É—à–∞—Ç—å –æ–Ω–ª–∞–π–Ω, –¥–µ—Ç—Å–∫–∏–µ –ø–µ—Å–Ω–∏ —Å–ª—É—à–∞—Ç—å –±–µ—Å–ø–ª–∞—Ç–Ω–æ, –¥–µ—Ç—Å–∫–∏–µ –ø–µ—Å–Ω–∏ –æ–Ω–ª–∞–π–Ω –±–µ—Å–ø–ª–∞—Ç–Ω–æ, –¥–µ—Ç—Å–∫–∏–µ –ø–µ—Å–Ω–∏ —Å–ª—É—à–∞—Ç—å –æ–Ω–ª–∞–π–Ω –±–µ—Å–ø–ª–∞—Ç–Ω–æ, —Å–∫–∞—á–∞—Ç—å –¥–µ—Ç—Å–∫–∏–π –ø–µ—Å–Ω—å, –≤–µ—Å–µ–ª—ã–µ –¥–µ—Ç—Å–∫–∏–µ –ø–µ—Å–Ω–∏, –ø–µ—Å–Ω–∏ –¥–µ—Ç—Å–∫–æ–≥–æ —Å–∞–¥–∞, –¥–µ—Ç—Å–∫–∏–µ –ø–µ—Å–Ω–∏ —Å –¥–Ω–µ–º, –¥–µ—Ç—Å–∫–∏–µ –ø–µ—Å–Ω–∏ —Å —Ä–æ–∂–¥–µ–Ω–∏—è, –¥–µ—Ç—Å–∫–∏–µ –ø–µ—Å–Ω–∏ —Å –¥–Ω–µ–º —Ä–æ–∂–¥–µ–Ω–∏—è, –¥–µ—Ç—Å–∫–∏–µ –ø–µ—Å–Ω–∏ –¥–ª—è –º–∞–ª—ã—à–µ–π, —Å–æ–≤—Ä–µ–º–µ–Ω–Ω—ã–µ –¥–µ—Ç—Å–∫–∏–µ –ø–µ—Å–Ω–∏, –¥–µ—Ç—Å–∫–∏–µ –ø–µ—Å–Ω–∏ —Å–∫–∞—á–∞—Ç—å –±–µ—Å–ø–ª–∞—Ç–Ω–æ,—Å–æ–≤–µ—Ç—Å–∫–∏–µ –¥–µ—Ç—Å–∫–∏–µ –ø–µ—Å–Ω–∏, –¥–µ—Ç—Å–∫–∏–µ –ø–µ—Å–Ω–∏ –∏–∑ –º—É–ª—å—Ç—Ñ–∏–ª—å–º–æ–≤, –¥–µ—Ç—Å–∫–∏–µ –ø–µ—Å–Ω–∏ —Ç–µ–∫—Å—Ç, –ª—É—á—à–∏–µ –¥–µ—Ç—Å–∫–∏–µ –ø–µ—Å–Ω–∏, –ø–µ—Å–Ω—é –ª–µ—Ç—É –¥–µ—Ç—Å–∫–∞—è, –¥–µ—Ç—Å–∫–∏–µ –∞–Ω—Å–∞–º–±–ª–∏ –ø–µ—Å–Ω–∏, –¥–µ—Ç—Å–∫–∏–µ –ø–µ—Å–Ω–∏ –¥–ª—è –¥–µ—Ç–µ–π, —Å–±–æ—Ä–Ω–∏–∫ –¥–µ—Ç—Å–∫–∏—Ö –ø–µ—Å–µ–Ω, —Å–∫–∞—á–∞—Ç—å –¥–µ—Ç—Å–∫–∏–µ –ø–µ—Å–Ω–∏ –ø—Ä–æ, –ª—É—á—à–∏–µ –¥–µ—Ç—Å–∫–∏–µ –ø–µ—Å–Ω–∏ –±–µ—Å–ø–ª–∞—Ç–Ω–æ ,—Å–∫–∞—á–∞—Ç—å –¥–µ—Ç—Å–∫—É—é –ø–µ—Å–Ω—é –¥–µ–Ω—å",2024-08-11 21:38:21+03:00,75b4bed9-59c5-44d8-896b-45a9a88374b9,–î–µ—Ç—è–º
–ì–æ–ª–æ–≤–æ–ª–æ–º–∫–∞ 2 –º—É–ª—å—Ç—Ñ–∏–ª—å–º / –†–∞–π–ª–∏ –∏ –Ω–µ —ç–º–æ—Ü–∏–∏‚ù§Ô∏è,,2024-08-11 21:36:08+03:00,fca18935-3e44-4594-b3b1-7053afea2a7b,–ú—É–ª—å—Ç—Ñ–∏–ª—å–º—ã
–î–µ—Ç—Å–∫–∞—è –ø–µ—Å–Ω—è|–ü–µ—Å–µ–Ω–∫–∏ –¥–ª—è –¥–µ—Ç–µ–π |–ü–µ—Å–Ω—è –ø—Ä–æ –≤—Ä–µ–¥–Ω–æ–≥–æ –∫–æ—Ç–∞ l–°–º–µ—à–Ω–æ–π –ö–æ—Ç–æ–ª–∞–ø–∫–∞,"–° –Ω–∞–º–∏ –≤—Å–µ–≥–¥–∞ –∏–Ω—Ç–µ—Ä–µ—Å–Ω–æ –∏ –≤–µ—Å–µ–ª–æ! –ü–æ–π—Ç–µ –≤–º–µ—Å—Ç–µ —Å –ª—é–±–∏–º—ã–º–∏ –≥–µ—Ä–æ—è–º–∏ –∏ –Ω–∞—Å–ª–∞–∂–¥–∞–π—Ç–µ—Å—å –∫—Ä–∞—Å–æ—á–Ω—ã–º–∏ –º—É–ª—å—Ç—Ñ–∏–ª—å–º–∞–º–∏. –ù–∞—à –∫–∞–Ω–∞–ª ‚Äî —ç—Ç–æ –º–µ—Å—Ç–æ, –≥–¥–µ –º–µ—á—Ç—ã –æ–∂–∏–≤–∞—é—Ç, –∞ —Ñ–∞–Ω—Ç–∞–∑–∏–∏ —Å—Ç–∞–Ω–æ–≤—è—Ç—Å—è —Ä–µ–∞–ª—å–Ω–æ—Å—Ç—å—é     –¢–µ–≥–∏ –∫–∞–Ω–∞–ª–∞: –¥–µ—Ç—Å–∫–∏–µ –ø–µ—Å–Ω–∏, –¥–µ—Ç—Å–∫–∏–µ –ø–µ—Å–Ω–∏ —Å–ª—É—à–∞—Ç—å, —Å–ª—É—à–∞—é—â–∏–π –¥–µ—Ç—Å–∫–∏–µ –ø–µ—Å–Ω–∏, –¥–µ—Ç—Å–∫–∏–µ –ø–µ—Å–Ω—å —Å–ª—É—à–∞—Ç—å, –¥–µ—Ç—Å–∫–∏–µ –ø–µ—Å–Ω–∏ –ø—Ä–æ, —Å–∫–∞—á–∞—Ç—å –¥–µ—Ç—Å–∫–∏–µ –ø–µ—Å–Ω–∏, –¥–µ—Ç—Å–∫–∏–µ –ø–µ—Å–Ω–∏ –±–µ—Å–ø–ª–∞—Ç–Ω–æ,–¥–µ—Ç—Å–∫–∏–µ –ø–µ—Å–Ω–∏ –æ–Ω–ª–∞–π–Ω,–¥–µ—Ç—Å–∫–∏–µ –ø–µ—Å–Ω–∏ —Å–ª—É—à–∞—Ç—å –æ–Ω–ª–∞–π–Ω, –¥–µ—Ç—Å–∫–∏–µ –ø–µ—Å–Ω—å —Å–ª—É—à–∞—Ç—å –æ–Ω–ª–∞–π–Ω, –¥–µ—Ç—Å–∫–∏–µ –ø–µ—Å–Ω–∏ —Å–ª—É—à–∞—Ç—å –±–µ—Å–ø–ª–∞—Ç–Ω–æ, –¥–µ—Ç—Å–∫–∏–µ –ø–µ—Å–Ω–∏ –æ–Ω–ª–∞–π–Ω –±–µ—Å–ø–ª–∞—Ç–Ω–æ, –¥–µ—Ç—Å–∫–∏–µ –ø–µ—Å–Ω–∏ —Å–ª—É—à–∞—Ç—å –æ–Ω–ª–∞–π–Ω –±–µ—Å–ø–ª–∞—Ç–Ω–æ, —Å–∫–∞—á–∞—Ç—å –¥–µ—Ç—Å–∫–∏–π –ø–µ—Å–Ω—å, –≤–µ—Å–µ–ª—ã–µ –¥–µ—Ç—Å–∫–∏–µ –ø–µ—Å–Ω–∏, –ø–µ—Å–Ω–∏ –¥–µ—Ç—Å–∫–æ–≥–æ —Å–∞–¥–∞, –¥–µ—Ç—Å–∫–∏–µ –ø–µ—Å–Ω–∏ —Å –¥–Ω–µ–º, –¥–µ—Ç—Å–∫–∏–µ –ø–µ—Å–Ω–∏ —Å —Ä–æ–∂–¥–µ–Ω–∏—è, –¥–µ—Ç—Å–∫–∏–µ –ø–µ—Å–Ω–∏ —Å –¥–Ω–µ–º —Ä–æ–∂–¥–µ–Ω–∏—è, –¥–µ—Ç—Å–∫–∏–µ –ø–µ—Å–Ω–∏ –¥–ª—è –º–∞–ª—ã—à–µ–π, —Å–æ–≤—Ä–µ–º–µ–Ω–Ω—ã–µ –¥–µ—Ç—Å–∫–∏–µ –ø–µ—Å–Ω–∏, –¥–µ—Ç—Å–∫–∏–µ –ø–µ—Å–Ω–∏ —Å–∫–∞—á–∞—Ç—å –±–µ—Å–ø–ª–∞—Ç–Ω–æ,—Å–æ–≤–µ—Ç—Å–∫–∏–µ –¥–µ—Ç—Å–∫–∏–µ –ø–µ—Å–Ω–∏, –¥–µ—Ç—Å–∫–∏–µ –ø–µ—Å–Ω–∏ –∏–∑ –º—É–ª—å—Ç—Ñ–∏–ª—å–º–æ–≤, –¥–µ—Ç—Å–∫–∏–µ –ø–µ—Å–Ω–∏ —Ç–µ–∫—Å—Ç, –ª—É—á—à–∏–µ –¥–µ—Ç—Å–∫–∏–µ –ø–µ—Å–Ω–∏, –ø–µ—Å–Ω—é –ª–µ—Ç—É –¥–µ—Ç—Å–∫–∞—è, –¥–µ—Ç—Å–∫–∏–µ –∞–Ω—Å–∞–º–±–ª–∏ –ø–µ—Å–Ω–∏, –¥–µ—Ç—Å–∫–∏–µ –ø–µ—Å–Ω–∏ –¥–ª—è –¥–µ—Ç–µ–π, —Å–±–æ—Ä–Ω–∏–∫ –¥–µ—Ç—Å–∫–∏—Ö –ø–µ—Å–µ–Ω, —Å–∫–∞—á–∞—Ç—å –¥–µ—Ç—Å–∫–∏–µ –ø–µ—Å–Ω–∏ –ø—Ä–æ, –ª—É—á—à–∏–µ –¥–µ—Ç—Å–∫–∏–µ –ø–µ—Å–Ω–∏ –±–µ—Å–ø–ª–∞—Ç–Ω–æ ,—Å–∫–∞—á–∞—Ç—å –¥–µ—Ç—Å–∫—É—é –ø–µ—Å–Ω—é –¥–µ–Ω—å",2024-08-11 21:35:46+03:00,5d8199a0-571d-4a68-8d7b-b2b22f235b26,–î–µ—Ç—è–º
–Ω–∞–∑–≤–∞–Ω–∏–µ –¥–æ—Ä–∞–º—ã –í –ø—Ä—è–º–æ–º —ç—Ñ–∏—Ä–µ,"–ì–ª–∞–≤–Ω–∞—è –≥–µ—Ä–æ–∏–Ω—è –¥–æ—Ä–∞–º—ã ¬´–ñ–∏–≤–∏ –Ω–∞ –ø–æ–ª–Ω—É—é¬ª, –ü—ç–∫ –•–æ –†–∞–Ω, —É—á–∏—Ç—Å—è –≤ —Å—Ç–∞—Ä—à–µ–π —à–∫–æ–ª–µ. –ë–ª–∞–≥–æ–¥–∞—Ä—è —Å–≤–æ–µ–º—É –≤—ã—Å–æ–∫–æ–º—É —Å–æ—Ü–∏–∞–ª—å–Ω–æ–º—É —Å—Ç–∞—Ç—É—Å—É —É –Ω–µ–µ –Ω–µ—Ç –ø—Ä–æ–±–ª–µ–º, –Ω–æ –∏ –¥—Ä—É–∑–µ–π —Ç–æ–∂–µ –Ω–µ—Ç. –≠—Ç–æ –∏ –Ω–µ —É–¥–∏–≤–∏—Ç–µ–ª—å–Ω–æ –±–µ—Ä—è –≤ —Ä–∞—Å—á–µ—Ç –µ–µ —Å–∫–≤–µ—Ä–Ω—ã–π —Ö–∞—Ä–∞–∫—Ç–µ—Ä. –û–¥–Ω–∞–∂–¥—ã –≤ –µ–µ –∂–∏–∑–Ω–∏ –ø–æ—è–≤–ª—è–µ—Ç—Å—è —Ç–∞–∏–Ω—Å—Ç–≤–µ–Ω–Ω—ã–π –Ω–µ–∑–Ω–∞–∫–æ–º–µ—Ü, –∫–æ—Ç–æ—Ä—ã–π –ø–æ —à–∫–æ–ª—å–Ω–æ–º—É —Ä–∞–¥–∏–æ –≥—Ä–æ–∑–∏—Ç—Å—è —Ä–∞—Å–∫—Ä—ã—Ç—å –µ–µ —Ç–∞–π–Ω—É. –¢–∞–∫–æ–π –ø–æ–≤–æ—Ä–æ—Ç —Å–æ–±—ã—Ç–∏–π –∑–∞—Å—Ç–∞–≤–ª—è–µ—Ç –•–æ –†–∞–Ω –≤—Å—Ç—É–ø–∏—Ç—å –≤ –∫–ª—É–±—É —Ä–∞–¥–∏–æ–≤–µ—â–∞–Ω–∏—è, –∫–æ—Ç–æ—Ä—ã–º —Ä—É–∫–æ–≤–æ–¥–∏—Ç –ø–µ—Ä—Ñ–µ–∫—Ü–∏–æ–Ω–∏—Å—Ç –ì–æ –´–Ω –¢—ç–∫. –ü–∞—Ä–µ–Ω—å –Ω–µ —Ç–µ—Ä–ø–∏—Ç —Ö–∞–ª—Ç—É—Ä—ã –∏ –≤—Å–µ–≥–¥–∞ –æ—Ç–≤–µ—Ç—Å—Ç–≤–µ–Ω–Ω–æ –æ—Ç–Ω–æ—Å–∏—Ç—Å—è –∫ –¥–µ–ª—É. –í–º–µ—Å—Ç–µ –æ–Ω–∏ —Å–æ–±–∏—Ä–∞—é—Ç—Å—è –≤—ã—á–∏—Å–ª–∏—Ç—å –Ω–∞–∑–æ–π–ª–∏–≤–æ–≥–æ –Ω–µ–¥–æ–±—Ä–æ–∂–µ–ª–∞—Ç–µ–ª—è",2024-08-11 21:35:41+03:00,06d9bf4d-9c8d-4da5-82ae-e206f62728bb,–°–µ—Ä–∏–∞–ª—ã
–ó–æ–æ–ø–∞—Ä–∫-–ø–µ—Å–Ω—è---–ú—É–∑—ã–∫–∞-–¥–ª—è-–¥–µ—Ç–µ–π---–û–±—Ä–∞–∑–æ–≤–∞—Ç–µ–ª—å–Ω—ã–π-–º—É–ª—å—Ç—Ñ–∏–ª—å–º---–î–æ—à–∫–æ–ª—å–Ω—ã–µ-–≤–∏–¥–µ–æ---–î–µ—Ç—Å–∫–∏–π-—Å–∞–¥,,2024-08-11 21:35:20+03:00,3fb888b1-ecec-41e1-bd11-bf3c13b530d7,–î–µ—Ç—è–º
Are You Hungry_ _ Kids Song _ Finny The Shark,,2024-08-11 21:34:52+03:00,e08ab452-ba70-4417-8a76-a90c1c2e9a13,–î–µ—Ç—è–º
I Love The Ocean _ Kids Song _ Finny The Shark,,2024-08-11 21:34:52+03:00,8a5d8a75-b9fa-45ab-8a43-2863cb5af256,–î–µ—Ç—è–º
5 Little Ducks song _ Newborn Baby Songs & Nursery Rhymes,,2024-08-11 21:34:52+03:00,5363bc93-fb24-49d6-afd3-d9558e09875a,–û–±—É—á–µ–Ω–∏–µ
Five Little Speckled Frogs _ Kids Songs _ Super Simple Songs,,2024-08-11 21:34:52+03:00,68ba0c6f-da9a-4360-978a-fc6fe7f1958f,–î–µ—Ç—è–º
–ü–õ–û–•–ò–ï –®–£–¢–ö–ò  2,–•—ç–π –≥–∞–π–∑ ! –í–∞—à–µ–º—É –≤–Ω–∏–º–∞–Ω–∏—é –Ω–æ–≤—ã–π —Ç–æ–ø–æ–≤—ã–π –≤—ã–ø—É—Å–∫ –æ—Ç –î—ç–Ω–∏ —è—Ä–æ–≤—Å–∫–æ–≥–æ !,2024-08-11 21:33:56+03:00,43bc7c66-dfab-4d30-8463-aafb4dcbea36,–†–∞–∑–≤–ª–µ—á–µ–Ω–∏—è
–≠–î–ò–°–û–ù –ò –ù–ê–¢–ê–•–ê –í –ß–ï–õ–û–í–ï–ö –ë–ï–ù–ó–û–ü–ò–õ–ê –í –ú–ê–ô–ù–ö–†–ê–§–¢!,,2024-08-11 21:33:54+03:00,aebde5d3-a379-4693-ba24-ca8f63b38f21,–í–∏–¥–µ–æ–∏–≥—Ä—ã
VID_20240811_213242.mp4,,2024-08-11 21:33:33+03:00,40e2fe17-5f5e-4a5b-960b-0a67db9f0401,–î–µ—Ç—è–º
1 –≤–∏–¥–µ–æ,,2024-08-11 21:33:00+03:00,bc444be1-0441-4bba-8a36-2b88f3a3ed8b,–î–µ—Ç—è–º
–í—Ä–µ–º—è –∂–∏—Ç—å - —Ç—Ä–µ–π–ª–µ—Ä (–§–∏–ª—å–º 2024 –≥–æ–¥–∞),"–¢—Ä–µ–π–ª–µ—Ä –∫ —Ñ–∏–ª—å–º—É –í—Ä–µ–º—è –∂–∏—Ç—å, –∫–æ—Ç–æ—Ä—ã–π –≤—ã–π–¥–µ—Ç –≤ 2024 –≥–æ–¥—É.",2024-08-11 21:30:06+03:00,d424821e-cb66-470b-9a7b-cb7eb3e7394b,–§–∏–ª—å–º—ã
Lego education 3-5.mp4,–õ–µ–≥–æ education 3-5,2024-08-11 21:27:55+03:00,1679b635-854b-4199-828a-8d61a781ba65,–î–µ—Ç—è–º
–õ–∏—Å–∞ –∏ –∂—É—Ä–∞–≤–ª—å,–ê—É–¥–∏–æ—Å–∫–∞–∑–∫–∞ –≤ –∫–∞—Ä—Ç–∏–Ω–∫–∞—Ö,2024-08-11 21:26:54+03:00,fe11bbba-22ab-4839-97be-a7c6fc995125,–î–µ—Ç—è–º
–°–µ—Ä–∏–∞–ª –°–∫–æ—Ä–∞—è –ø–æ–º–æ—â—å - 2 —Å–µ–∑–æ–Ω 10 —Å–µ—Ä–∏—è / ER,"–ü–û–î–ü–ò–°–´–í–ê–ô–°–Ø –ù–ê –ù–ê–®–ò –°–û–¶–°–ï–¢–ò - –ö–ò–ù–û –í–°–ï–ì–î–ê –†–Ø–î–û–ú. –ú—ã –≤ —Ç–µ–ª–µ–≥—Ä–∞–º –ú—ã –≤ –≤–∫–æ–Ω—Ç–∞–∫—Ç–µ –ú—ã –≤ —è–ø–ø–∏ –ú—ã –≤ —é—Ç—É–±–µ /@Boomer_pirate –ú—ã –≤ –∏–Ω—Å—Ç–µ –ú—ã –≤ –¥–∑–µ–Ω–µ  ¬´A Miracle Happens Here¬ª / ¬´–ß—É–¥–æ —Å—Ä–µ–¥–∏ –Ω–∞—Å¬ª  –ì–µ—Ä–æ–∏ –æ—Å—Ç—Ä–æ—Å—é–∂–µ—Ç–Ω–æ–≥–æ —Å–µ—Ä–∏–∞–ª–∞ ¬´–°–∫–æ—Ä–∞—è –ø–æ–º–æ—â—å¬ª - –≤—Ä–∞—á–∏ —á–∏–∫–∞–≥—Å–∫–æ–π –≥–æ—Ä–æ–¥—Å–∫–æ–π –±–æ–ª—å–Ω–∏—Ü—ã. –û–Ω–∏ –æ–∫–∞–∑—ã–≤–∞—é—Ç —ç–∫—Å—Ç—Ä–µ–Ω–Ω—É—é –ø–æ–º–æ—â—å –ø–∞—Ü–∏–µ–Ω—Ç–∞–º, —Å–ø–∞—Å–∞—é—Ç —á–µ–ª–æ–≤–µ—á–µ—Å–∫–∏–µ –∂–∏–∑–Ω–∏, –∑–∞–±—ã–≤–∞—è –ø–æ—Ä–æ–π –æ —Å–µ–±–µ –∏ —Å–æ–≤–µ—Ä—à–µ–Ω–Ω–æ –Ω–µ –¥—É–º–∞—è –æ —Ç–æ–º, —á—Ç–æ –∏—Ö –∫–∞–∂–¥–æ–¥–Ω–µ–≤–Ω–∞—è —Ä–∞–±–æ—Ç–∞ –≥—Ä–∞–Ω–∏—á–∏—Ç —Å –≥–µ—Ä–æ–∏–∑–º–æ–º. –í—ã–ø–æ–ª–Ω—è—è —Å–≤–æ–π –ø—Ä–æ—Ñ–µ—Å—Å–∏–æ–Ω–∞–ª—å–Ω—ã–π –¥–æ–ª–≥, –≤—Ä–∞—á–∏ ¬´–°–∫–æ—Ä–æ–π –ø–æ–º–æ—â–∏¬ª –≤–ª—é–±–ª—è—é—Ç—Å—è, —Ä–∞–∑–≤–æ–¥—è—Ç—Å—è, –ø–ª–µ—Ç—É—Ç –∏–Ω—Ç—Ä–∏–≥–∏, –Ω–∞–¥–µ—é—Ç—Å—è –Ω–∞ –ª—É—á—à–µ–µ –∏... –≤ –æ–±—â–µ–º, —É –Ω–∏—Ö –≤—Å–µ –∫–∞–∫ —É –ª—é–¥–µ–π, –Ω–µ—Å–º–æ—Ç—Ä—è –Ω–∞ —Ç—Ä—É–¥–Ω—É—é —Ä–∞–±–æ—Ç—É –∏ –≤—ã—Å–æ–∫–æ–µ –ø—Ä–∏–∑–≤–∞–Ω–∏–µ. #—Å–∫–æ—Ä–∞—è–ø–æ–º–æ—â—å #er #—Å–µ—Ä–∏–∞–ª—Å–∫–æ—Ä–∞—è–ø–æ–º–æ—â—å #—Å–∫–æ—Ä–∞—è #–º–µ–¥–∏—Ü–∏–Ω—Å–∫–∏–π—Å–µ—Ä–∏–∞–ª #–ø–æ–º–æ—â—å #–º–µ–¥–∏—Ü–∏–Ω–∞ #—Å–µ—Ä–∏–∞–ª #—Å–µ—Ä–∏–∞–ª—ã #–æ–±–∑–æ—Ä–Ω–∞—Å–µ—Ä–∏–∞–ª #—Å–º–æ—Ç—Ä–µ—Ç—å–æ–Ω–ª–∞–π–Ω #–∫–∏–Ω–æ #emergencyroom",2024-08-11 21:24:16+03:00,b7fb7431-b657-4da0-bb62-75a25554d607,–°–µ—Ä–∏–∞–ª—ã
